# note,坏棒 总长1000m 铁头 200
# rod_len_mm,
# defect_true_mm,200
# err_mm,240
# time,2026-07-31 21:29:03
# points,512
# state,DEFECT
# confidence,HIGH
# result_ready,1
# impact_index,74
# defect_index,0
# bottom_index,0
# distance_mm,440
# threshold,0
# peak_abs,5531471
index,raw24
0,12667
1,12010
2,12096
3,12383
4,12237
5,11732
6,12498
7,12017
8,12687
9,12254
10,11780
11,12251
12,12169
13,12104
14,12142
15,11717
16,11867
17,11914
18,12040
19,11807
20,11821
21,11884
22,12163
23,12025
24,12368
25,12694
26,12076
27,12787
28,12753
29,12544
30,12470
31,13045
32,13379
33,12505
34,13192
35,13182
36,12829
37,12467
38,12978
39,12720
40,12958
41,12885
42,13003
43,12874
44,12792
45,12798
46,12797
47,12787
48,12226
49,13480
50,13583
51,13357
52,13155
53,13602
54,12984
55,13406
56,11757
57,14043
58,10234
59,42552
60,35115
61,-192353
62,-425170
63,-649118
64,-862879
65,-1076709
66,-1282266
67,-1488949
68,-1685815
69,-1886130
70,-2074699
71,-2269398
72,-2450321
73,-2642534
74,-2544323
75,-2311005
76,-2105651
77,-1889802
78,-1685483
79,-1478605
80,-1279017
81,-1077948
82,-882153
83,-687077
84,-497169
85,-308557
86,-126415
87,53041
88,231034
89,408062
90,582908
91,755597
92,926353
93,1094400
94,1258714
95,1419472
96,1577835
97,1732082
98,1883975
99,2033033
100,2179025
101,2321991
102,2444651
103,2394321
104,2175669
105,1914459
106,1658593
107,1403999
108,1202779
109,1140153
110,1253501
111,1420524
112,1576927
113,1735150
114,1888003
115,2040972
116,2189315
117,2335592
118,2478395
119,2617668
120,2755964
121,2871732
122,2874901
123,2754622
124,2536806
125,2270304
126,2000915
127,1733671
128,1471355
129,1211992
130,956100
131,705623
132,473777
133,319983
134,264992
135,306144
136,418578
137,566647
138,730954
139,891001
140,1016236
141,1105144
142,1157985
143,1177260
144,1171156
145,1147749
146,1117017
147,1080952
148,1037196
149,996958
150,966388
151,946926
152,949802
153,984735
154,1054358
155,1162590
156,1305712
157,1463248
158,1618390
159,1770480
160,1919808
161,2066550
162,2205153
163,2280588
164,2268126
165,2137281
166,1893124
167,1625541
168,1364686
169,1110384
170,864576
171,624151
172,389922
173,159475
174,-67145
175,-290536
176,-510349
177,-725415
178,-938342
179,-1146668
180,-1359984
181,-1566442
182,-1790690
183,-1860208
184,-1667637
185,-1466825
186,-1262390
187,-1065164
188,-866354
189,-673136
190,-480110
191,-290947
192,-102896
193,81981
194,264555
195,444403
196,619748
197,792361
198,961208
199,1128019
200,1291057
201,1451955
202,1609562
203,1764749
204,1917198
205,2067140
206,2215736
207,2360633
208,2503529
209,2644415
210,2782852
211,2918969
212,3052380
213,3183024
214,3312083
215,3438631
216,3563507
217,3685896
218,3805766
219,3924726
220,4041094
221,4155945
222,4268470
223,4379285
224,4488310
225,4596138
226,4701633
227,4805683
228,4908401
229,5007945
230,5108654
231,5190846
232,5228261
233,5226783
234,5194504
235,5134670
236,5055556
237,4959362
238,4848797
239,4723229
240,4579860
241,4417157
242,4229778
243,4015686
244,3775164
245,3511751
246,3241242
247,2973174
248,2704819
249,2440281
250,2177447
251,1919646
252,1665507
253,1417000
254,1174683
255,950835
256,768039
257,633698
258,551244
259,525081
260,554489
261,638925
262,776551
263,943128
264,1106013
265,1267654
266,1426995
267,1583861
268,1737484
269,1888776
270,2038089
271,2184080
272,2327502
273,2468394
274,2606228
275,2742702
276,2866303
277,2924921
278,2909996
279,2817401
280,2648377
281,2406862
282,2141912
283,1874098
284,1609398
285,1347777
286,1089589
287,835272
288,583562
289,335306
290,89665
291,-151481
292,-384799
293,-586472
294,-705448
295,-726522
296,-652626
297,-489482
298,-301574
299,-118513
300,63309
301,241957
302,418320
303,592093
304,762893
305,931239
306,1096454
307,1259184
308,1419158
309,1576385
310,1730640
311,1882365
312,2031943
313,2179823
314,2324053
315,2466425
316,2607476
317,2744942
318,2881319
319,3014255
320,3145975
321,3275087
322,3402807
323,3527856
324,3651161
325,3772476
326,3891231
327,4009092
328,4124075
329,4237931
330,4349574
331,4459755
332,4567554
333,4674781
334,4779026
335,4882571
336,4984423
337,5084838
338,5182090
339,5279305
340,5357141
341,5393343
342,5395124
343,5359610
344,5290275
345,5186942
346,5054084
347,4892739
348,4707814
349,4500279
350,4275090
351,4035368
352,3782596
353,3520494
354,3254848
355,2990819
356,2728582
357,2468785
358,2210659
359,1955605
360,1702575
361,1452415
362,1204357
363,959130
364,716693
365,477166
366,241427
367,8694
368,-219923
369,-442624
370,-653722
371,-839466
372,-993948
373,-1115435
374,-1200362
375,-1249032
376,-1260287
377,-1234589
378,-1172359
379,-1077504
380,-951196
381,-799920
382,-626030
383,-441850
384,-257756
385,-76516
386,102669
387,277984
388,450846
389,614679
390,751948
391,863272
392,944535
393,998524
394,1021322
395,1017741
396,986993
397,934952
398,862206
399,776781
400,680422
401,580099
402,478876
403,383018
404,297715
405,225735
406,171395
407,137934
408,128221
409,143382
410,184540
411,253654
412,348935
413,470796
414,617978
415,782599
416,947903
417,1110052
418,1269788
419,1426289
420,1579995
421,1731658
422,1881271
423,2028209
424,2172682
425,2315136
426,2455038
427,2592978
428,2728965
429,2862000
430,2994011
431,3123845
432,3251336
433,3377363
434,3501383
435,3623299
436,3743889
437,3862248
438,3978001
439,4093651
440,4206671
441,4318126
442,4427583
443,4535650
444,4642128
445,4746922
446,4850462
447,4951862
448,5052074
449,5150425
450,5247612
451,5342380
452,5432559
453,5492280
454,5525882
455,5531471
456,5511788
457,5466171
458,5395864
459,5301557
460,5184142
461,5044221
462,4881797
463,4700586
464,4497572
465,4276911
466,4037621
467,3782128
468,3514386
469,3245829
470,2978009
471,2711949
472,2449050
473,2187207
474,1928420
475,1671209
476,1417045
477,1165216
478,917177
479,671794
480,430359
481,191891
482,-41781
483,-271543
484,-495366
485,-710706
486,-906883
487,-1074308
488,-1212649
489,-1322349
490,-1402812
491,-1454720
492,-1480255
493,-1480794
494,-1457501
495,-1412691
496,-1348639
497,-1267354
498,-1173295
499,-1066000
500,-949358
501,-825626
502,-697437
503,-565360
504,-431835
505,-297806
506,-164874
507,-33814
508,95358
509,221883
510,345615
511,466253
