# note,坏棒 总长1002mm 轻轻敲 塑料头
# rod_len_mm,
# defect_true_mm,695
# err_mm,-39
# time,2026-07-30 13:53:02
# points,512
# state,DEFECT
# confidence,HIGH
# result_ready,1
# impact_index,0
# defect_index,76
# bottom_index,110
# distance_mm,656
# threshold,500000
# peak_abs,5309619
index,raw24
0,-599
1,-383
2,-935
3,-142
4,-862
5,-254
6,-382
7,114
8,-22
9,-326
10,-78
11,-230
12,74
13,-598
14,-414
15,-238
16,-222
17,-390
18,-14
19,-230
20,226
21,-214
22,-94
23,162
24,2
25,-150
26,-86
27,-454
28,-190
29,290
30,-102
31,706
32,610
33,570
34,570
35,522
36,1002
37,1202
38,370
39,1058
40,1161
41,809
42,385
43,393
44,673
45,561
46,817
47,377
48,177
49,809
50,736
51,1992
52,1176
53,896
54,992
55,648
56,864
57,-160
58,2984
59,15815
60,-443
61,-175395
62,-419541
63,-649178
64,-875107
65,-1091208
66,-1298699
67,-1499332
68,-1697173
69,-1890542
70,-2082143
71,-2270225
72,-2459756
73,-2649176
74,-2845572
75,-3036257
76,-3226134
77,-3402716
78,-3582173
79,-3752544
80,-3931086
81,-3907798
82,-3678657
83,-3458816
84,-3233345
85,-3018191
86,-2801294
87,-2591304
88,-2380252
89,-2173449
90,-1965848
91,-1761952
92,-1559129
93,-1360003
94,-1163732
95,-970830
96,-782504
97,-594680
98,-410280
99,-226654
100,-46442
101,131676
102,306348
103,477966
104,645988
105,811437
106,973122
107,1133603
108,1290921
109,1436163
110,1508148
111,1551300
112,1625734
113,1754576
114,1902274
115,2047489
116,2189223
117,2329420
118,2425224
119,2452096
120,2463444
121,2498960
122,2582623
123,2699259
124,2817226
125,2905954
126,2957423
127,2977886
128,2975955
129,2959559
130,2921614
131,2855873
132,2744589
133,2582678
134,2368826
135,2120561
136,1868590
137,1621170
138,1395572
139,1222082
140,1111637
141,1072477
142,1106538
143,1214307
144,1367439
145,1523984
146,1676670
147,1827513
148,1975098
149,2121289
150,2263886
151,2406737
152,2545276
153,2682181
154,2817510
155,2949398
156,3080110
157,3206694
158,3333350
159,3454191
160,3577417
161,3667981
162,3637805
163,3450737
164,3171884
165,2894096
166,2622967
167,2361655
168,2107015
169,1859565
170,1616754
171,1377517
172,1142541
173,909761
174,679058
175,451239
176,226872
177,5237
178,-216132
179,-434626
180,-653165
181,-870357
182,-1089891
183,-1306966
184,-1524622
185,-1653532
186,-1547098
187,-1343949
188,-1148745
189,-951765
190,-759129
191,-567580
192,-378855
193,-191560
194,-6697
195,175192
196,355090
197,531135
198,704966
199,874944
200,1042277
201,1206326
202,1368747
203,1526884
204,1683649
205,1836412
206,1986532
207,2134361
208,2279893
209,2422798
210,2562718
211,2700166
212,2834924
213,2967930
214,3097264
215,3225438
216,3350220
217,3473539
218,3594635
219,3713388
220,3829799
221,3943699
222,4057506
223,4161698
224,4232830
225,4274890
226,4297264
227,4305235
228,4308254
229,4313000
230,4325249
231,4351393
232,4393510
233,4451110
234,4516918
235,4583151
236,4638415
237,4674649
238,4679951
239,4646859
240,4568732
241,4447502
242,4289167
243,4104812
244,3907471
245,3708434
246,3521853
247,3362015
248,3240013
249,3161033
250,3133959
251,3158657
252,3238631
253,3361052
254,3487057
255,3611568
256,3733063
257,3854255
258,3972633
259,4090364
260,4205256
261,4319535
262,4432392
263,4542475
264,4650880
265,4756528
266,4861708
267,4962098
268,5063940
269,5158602
270,5258388
271,5309619
272,5244514
273,5054194
274,4768425
275,4470715
276,4176361
277,3890852
278,3610417
279,3337120
280,3068184
281,2805386
282,2545715
283,2290493
284,2037213
285,1789036
286,1541442
287,1297310
288,1052695
289,811111
290,566748
291,327559
292,88543
293,-90236
294,-119825
295,7405
296,188589
297,362838
298,537401
299,707488
300,875801
301,1041430
302,1204263
303,1365604
304,1523389
305,1679667
306,1832934
307,1983015
308,2131636
309,2277152
310,2420386
311,2560579
312,2699794
313,2835865
314,2970150
315,3101684
316,3230889
317,3358367
318,3483733
319,3606884
320,3727811
321,3847588
322,3964150
323,4080083
324,4192201
325,4303361
326,4411843
327,4519753
328,4624593
329,4728301
330,4825947
331,4883910
332,4901314
333,4881636
334,4830352
335,4748986
336,4643510
337,4513328
338,4364225
339,4195628
340,4011332
341,3813778
342,3604520
343,3383968
344,3154051
345,2915682
346,2669454
347,2420385
348,2170641
349,1923960
350,1678037
351,1436656
352,1197257
353,961919
354,730929
355,508160
356,298066
357,108502
358,-59920
359,-204000
360,-322303
361,-412296
362,-471526
363,-499756
364,-495831
365,-461931
366,-397938
367,-305690
368,-186308
369,-43141
370,120016
371,292377
372,464389
373,632197
374,798288
375,960366
376,1120433
377,1276408
378,1431500
379,1580941
380,1707044
381,1802020
382,1866112
383,1896452
384,1891069
385,1850966
386,1774740
387,1665067
388,1523376
389,1352710
390,1157481
391,940700
392,708745
393,475210
394,241544
395,10939
396,-216343
397,-439084
398,-653271
399,-848367
400,-1015807
401,-1151547
402,-1251575
403,-1313734
404,-1334918
405,-1313195
406,-1248458
407,-1141714
408,-990639
409,-807566
410,-620811
411,-436135
412,-254082
413,-74195
414,102982
415,277610
416,449320
417,618545
418,785597
419,948245
420,1109098
421,1266762
422,1422392
423,1575330
424,1725914
425,1873807
426,2018994
427,2162524
428,2302804
429,2441811
430,2578328
431,2712886
432,2844178
433,2974351
434,3102236
435,3228169
436,3352095
437,3474038
438,3594462
439,3712183
440,3828826
441,3942607
442,4056229
443,4166806
444,4275370
445,4382784
446,4471049
447,4526463
448,4554726
449,4554410
450,4527134
451,4474910
452,4397883
453,4298347
454,4176110
455,4034768
456,3872979
457,3696763
458,3504383
459,3299556
460,3083609
461,2858440
462,2627331
463,2390971
464,2152335
465,1912968
466,1676335
467,1442210
468,1213994
469,991934
470,779077
471,576437
472,385343
473,207632
474,43663
475,-105047
476,-236858
477,-352925
478,-452994
479,-536267
480,-604329
481,-656807
482,-695495
483,-721426
484,-735850
485,-740176
486,-736638
487,-726772
488,-711835
489,-694660
490,-676448
491,-659549
492,-644756
493,-634014
494,-628456
495,-628588
496,-635695
497,-649241
498,-669562
499,-697456
500,-730571
501,-771234
502,-815108
503,-864144
504,-916407
505,-968431
506,-1020353
507,-1069268
508,-1114825
509,-1152137
510,-1181349
511,-1199948
