# note,坏棒 总长1002 任意重度 塑料头 307
# rod_len_mm,
# defect_true_mm,307
# err_mm,-75
# time,2026-07-30 16:19:14
# points,512
# state,DEFECT
# confidence,HIGH
# result_ready,1
# impact_index,0
# defect_index,23
# bottom_index,110
# distance_mm,232
# threshold,500000
# peak_abs,4873265
index,raw24
0,-1504
1,-1192
2,-1407
3,-1039
4,-1735
5,-1407
6,-1471
7,-1215
8,-1526
9,-1398
10,-974
11,-2014
12,-1718
13,-1845
14,-1741
15,-1941
16,-2013
17,-2172
18,-1852
19,-2348
20,-1884
21,-2195
22,-2515
23,-2307
24,-2650
25,-1978
26,-2410
27,-2514
28,-2313
29,-1969
30,-2833
31,-2840
32,-2288
33,-2696
34,-2919
35,-2743
36,-2359
37,-2862
38,-2678
39,-2846
40,-2901
41,-2533
42,-3068
43,-2988
44,-2796
45,-2291
46,-3107
47,-2987
48,-2786
49,-2626
50,-2386
51,-1977
52,-2193
53,-2617
54,-2864
55,-4656
56,-11663
57,-28750
58,-62915
59,-113531
60,-184453
61,-288558
62,-460083
63,-678523
64,-901616
65,-1122890
66,-1339713
67,-1552717
68,-1760760
69,-1965753
70,-2166417
71,-2363640
72,-2556288
73,-2746056
74,-2931137
75,-3115683
76,-3296103
77,-3475476
78,-3651052
79,-3825030
80,-3995459
81,-4162587
82,-4326791
83,-4488407
84,-4646563
85,-4805548
86,-4873265
87,-4697294
88,-4455777
89,-4221697
90,-3990862
91,-3763239
92,-3539291
93,-3319035
94,-3101694
95,-2887171
96,-2675203
97,-2466548
98,-2259935
99,-2057491
100,-1856480
101,-1658541
102,-1462707
103,-1270144
104,-1078517
105,-889986
106,-703021
107,-518927
108,-336680
109,-155775
110,22404
111,198890
112,372385
113,543284
114,711801
115,877131
116,1040095
117,1199304
118,1355678
119,1508425
120,1659280
121,1755054
122,1760072
123,1699561
124,1585049
125,1431152
126,1241969
127,1021481
128,786005
129,549437
130,314066
131,80219
132,-147759
133,-368468
134,-566351
135,-716338
136,-820323
137,-877703
138,-885932
139,-843943
140,-752328
141,-614892
142,-441857
143,-258131
144,-77028
145,102421
146,279065
147,451735
148,622960
149,790036
150,955179
151,1116839
152,1276014
153,1432138
154,1584708
155,1735530
156,1869366
157,1966746
158,2027530
159,2046098
160,2020017
161,1947786
162,1824388
163,1649998
164,1424316
165,1180814
166,934158
167,688172
168,445088
169,205922
170,-30424
171,-261596
172,-489068
173,-711464
174,-929481
175,-1143488
176,-1354292
177,-1560767
178,-1764552
179,-1965857
180,-2164769
181,-2361609
182,-2555688
183,-2746176
184,-2906537
185,-2961102
186,-2884197
187,-2695405
188,-2480708
189,-2272053
190,-2063631
191,-1859740
192,-1657289
193,-1456414
194,-1259484
195,-1063363
196,-870105
197,-679263
198,-491428
199,-304944
200,-121306
201,59988
202,238557
203,413656
204,586477
205,756302
206,922585
207,1085473
208,1246724
209,1404004
210,1559097
211,1711530
212,1861353
213,2008646
214,2153281
215,2296002
216,2435826
217,2573032
218,2708022
219,2841060
220,2971705
221,3100758
222,3227004
223,3351818
224,3473825
225,3594184
226,3712234
227,3829061
228,3943905
229,4040496
230,4107626
231,4150765
232,4168874
233,4164549
234,4138641
235,4092088
236,4027860
237,3947345
238,3854647
239,3750120
240,3638902
241,3520962
242,3402020
243,3283181
244,3167604
245,3057658
246,2955844
247,2866147
248,2788294
249,2727889
250,2683364
251,2658941
252,2653560
253,2668180
254,2704006
255,2758540
256,2831852
257,2920666
258,3024189
259,3137356
260,3257325
261,3379176
262,3498251
263,3608328
264,3704711
265,3779699
266,3829022
267,3847930
268,3829701
269,3773337
270,3673101
271,3529740
272,3340229
273,3107805
274,2850210
275,2591070
276,2330946
277,2072117
278,1815928
279,1563283
280,1313380
281,1066915
282,823185
283,582509
284,343870
285,107660
286,-123146
287,-346547
288,-561384
289,-748900
290,-879072
291,-950277
292,-959777
293,-908556
294,-793757
295,-624300
296,-436112
297,-252394
298,-69980
299,108989
300,286288
301,460517
302,631780
303,799647
304,965742
305,1129120
306,1288638
307,1446009
308,1600616
309,1752821
310,1901599
311,2048431
312,2192869
313,2334577
314,2473748
315,2610894
316,2745223
317,2877544
318,3007689
319,3135186
320,3260987
321,3382861
322,3477872
323,3536135
324,3567736
325,3571692
326,3554360
327,3516054
328,3461345
329,3391570
330,3309492
331,3216552
332,3115520
333,3007187
334,2891812
335,2770907
336,2645025
337,2516846
338,2384011
339,2249904
340,2114069
341,1977155
342,1840378
343,1703441
344,1568209
345,1433034
346,1301867
347,1172372
348,1046037
349,924701
350,807588
351,696977
352,593660
353,498532
354,411823
355,334061
356,265508
357,206555
358,156162
359,114311
360,80545
361,53887
362,33513
363,19205
364,9290
365,2673
366,-1263
367,-5151
368,-7686
369,-11557
370,-17012
371,-25258
372,-37911
373,-54242
374,-75428
375,-102114
376,-136046
377,-176733
378,-225256
379,-281140
380,-346106
381,-418480
382,-499364
383,-588136
384,-686368
385,-791348
386,-904915
387,-1025029
388,-1151032
389,-1282227
390,-1417327
391,-1554266
392,-1691372
393,-1827613
394,-1960606
395,-2088751
396,-2209576
397,-2322290
398,-2424343
399,-2515007
400,-2592156
401,-2654767
402,-2701539
403,-2733041
404,-2746668
405,-2743036
406,-2723118
407,-2685057
408,-2630777
409,-2560504
410,-2475696
411,-2375945
412,-2264343
413,-2141067
414,-2008917
415,-1866864
416,-1720116
417,-1567186
418,-1410843
419,-1252863
420,-1092758
421,-933128
422,-775294
423,-619776
424,-467396
425,-319235
426,-176436
427,-39975
428,89798
429,211883
430,326594
431,431994
432,528949
433,616548
434,694465
435,762076
436,819215
437,865275
438,901042
439,925084
440,937707
441,939992
442,929845
443,909052
444,876261
445,832770
446,779108
447,715925
448,643198
449,562743
450,474794
451,380048
452,280338
453,176936
454,69586
455,-40070
456,-150593
457,-261527
458,-371263
459,-479818
460,-585631
461,-688656
462,-786996
463,-881299
464,-969240
465,-1051865
466,-1129233
467,-1200239
468,-1263485
469,-1320522
470,-1370825
471,-1414578
472,-1452133
473,-1481564
474,-1506127
475,-1524535
476,-1537629
477,-1544705
478,-1547445
479,-1546376
480,-1541259
481,-1533015
482,-1521404
483,-1508450
484,-1494218
485,-1479547
486,-1463127
487,-1448100
488,-1434027
489,-1419932
490,-1409071
491,-1399643
492,-1391736
493,-1385574
494,-1381461
495,-1378708
496,-1378188
497,-1379084
498,-1379923
499,-1382387
500,-1384346
501,-1385769
502,-1385264
503,-1382767
504,-1375838
505,-1366366
506,-1350879
507,-1332090
508,-1304952
509,-1273616
510,-1233381
511,-1185862
