# note,坏棒 总长 1002m 任意重度敲 塑料头
# rod_len_mm,
# defect_true_mm,695
# err_mm,106
# time,2026-07-30 14:18:01
# points,512
# state,DEFECT
# confidence,HIGH
# result_ready,1
# impact_index,0
# defect_index,81
# bottom_index,112
# distance_mm,801
# threshold,500000
# peak_abs,4957192
index,raw24
0,5713
1,5897
2,5280
3,6103
4,5950
5,6110
6,6205
7,5780
8,5715
9,5707
10,5674
11,5609
12,5449
13,5480
14,5759
15,5559
16,5838
17,5909
18,5772
19,5788
20,5259
21,5570
22,5722
23,5697
24,5832
25,5431
26,6127
27,5478
28,5893
29,5997
30,5588
31,5555
32,5514
33,5578
34,5601
35,5368
36,5008
37,5271
38,5390
39,4854
40,5045
41,4805
42,4980
43,4891
44,4659
45,4706
46,4777
47,4841
48,4904
49,5184
50,5087
51,5166
52,5278
53,4981
54,5364
55,5028
56,4283
57,3099
58,1362
59,4826
60,-9743
61,-148197
62,-382843
63,-618548
64,-849321
65,-1073633
66,-1292638
67,-1505128
68,-1711401
69,-1914184
70,-2111870
71,-2307788
72,-2501450
73,-2693913
74,-2884360
75,-3075032
76,-3261977
77,-3445067
78,-3626222
79,-3801043
80,-3976115
81,-4144358
82,-4312732
83,-4472678
84,-4634740
85,-4792558
86,-4930373
87,-4778011
88,-4526572
89,-4293467
90,-4057711
91,-3828848
92,-3602116
93,-3381948
94,-3162560
95,-2948230
96,-2734302
97,-2524488
98,-2314276
99,-2109649
100,-1907696
101,-1708711
102,-1512622
103,-1319165
104,-1126532
105,-936851
106,-749489
107,-564277
108,-381552
109,-201138
110,-24041
111,152154
112,324367
113,495032
114,661003
115,826067
116,940190
117,988923
118,1020458
119,1071462
120,1164107
121,1291453
122,1431447
123,1559448
124,1661418
125,1732903
126,1784540
127,1822690
128,1855331
129,1886649
130,1912746
131,1923185
132,1910142
133,1862021
134,1777338
135,1659609
136,1518574
137,1366565
138,1219286
139,1090681
140,993900
141,934843
142,917072
143,935616
144,984958
145,1056150
146,1142533
147,1237850
148,1341266
149,1450735
150,1569622
151,1699422
152,1840630
153,1987814
154,2131699
155,2274231
156,2412777
157,2550107
158,2684275
159,2816892
160,2946052
161,3071684
162,3145605
163,3135973
164,3030926
165,2814612
166,2543701
167,2273886
168,2008553
169,1749556
170,1495782
171,1248287
172,1005839
173,767380
174,532142
175,300333
176,71521
177,-156184
178,-379309
179,-601023
180,-818629
181,-1034713
182,-1247747
183,-1460003
184,-1669632
185,-1877981
186,-2084383
187,-2288033
188,-2438962
189,-2410464
190,-2223842
191,-2014778
192,-1811516
193,-1607839
194,-1408723
195,-1210911
196,-1015659
197,-821591
198,-631195
199,-441973
200,-255663
201,-70672
202,110416
203,289475
204,464856
205,638135
206,808609
207,975478
208,1140295
209,1300860
210,1460093
211,1615771
212,1769246
213,1919686
214,2067507
215,2212631
216,2355529
217,2495569
218,2633520
219,2768527
220,2900709
221,3031195
222,3158049
223,3284215
224,3406750
225,3528567
226,3646440
227,3764683
228,3872799
229,3961398
230,4034979
231,4099622
232,4155874
233,4204670
234,4246837
235,4276975
236,4294757
237,4294752
238,4275100
239,4232898
240,4169021
241,4082392
242,3976710
243,3856137
244,3724994
245,3590659
246,3456853
247,3329967
248,3215776
249,3122504
250,3051603
251,3008742
252,2996983
253,3018297
254,3073568
255,3163273
256,3283575
257,3410030
258,3534830
259,3657150
260,3778032
261,3897059
262,4014727
263,4130365
264,4243965
265,4356175
266,4465043
267,4572994
268,4677908
269,4780217
270,4882489
271,4955957
272,4957192
273,4886163
274,4737606
275,4510708
276,4229589
277,3942817
278,3655992
279,3374274
280,3098134
281,2824955
282,2557507
283,2292314
284,2032858
285,1774722
286,1521186
287,1269808
288,1020877
289,774824
290,530986
291,289225
292,49198
293,-185712
294,-410674
295,-587600
296,-670816
297,-659814
298,-549285
299,-369626
300,-186029
301,-5079
302,172986
303,349301
304,521882
305,693243
306,860694
307,1026093
308,1188504
309,1349039
310,1505538
311,1659754
312,1812159
313,1961522
314,2108171
315,2253257
316,2395358
317,2534882
318,2672708
319,2807766
320,2940823
321,3071616
322,3201313
323,3327187
324,3451708
325,3574319
326,3694675
327,3812616
328,3928862
329,4043303
330,4155433
331,4266598
332,4373237
333,4481735
334,4555228
335,4589616
336,4586464
337,4550184
338,4485892
339,4393905
340,4277408
341,4139422
342,3982701
343,3808279
344,3617974
345,3414220
346,3199915
347,2974269
348,2741810
349,2502163
350,2258409
351,2013398
352,1770008
353,1528640
354,1290429
355,1056368
356,827247
357,606794
358,399352
359,205703
360,29014
361,-130038
362,-270102
363,-390413
364,-489653
365,-566913
366,-621892
367,-656056
368,-669176
369,-662119
370,-637518
371,-594936
372,-537815
373,-468390
374,-388220
375,-301813
376,-211184
377,-119414
378,-29880
379,53548
380,128021
381,191454
382,238902
383,270353
384,283096
385,276022
386,248124
387,199021
388,129597
389,40077
390,-68360
391,-193295
392,-333296
393,-486047
394,-648996
395,-818324
396,-991944
397,-1165855
398,-1337561
399,-1503734
400,-1660278
401,-1805779
402,-1936303
403,-2048571
404,-2141033
405,-2210523
406,-2256645
407,-2276090
408,-2269164
409,-2233111
410,-2168838
411,-2074662
412,-1952864
413,-1801466
414,-1623246
415,-1429152
416,-1235313
417,-1044211
418,-855811
419,-669379
420,-485065
421,-303310
422,-123033
423,54278
424,228968
425,400764
426,570507
427,736469
428,900899
429,1061565
430,1219940
431,1375903
432,1528735
433,1678980
434,1827007
435,1972528
436,2115607
437,2257013
438,2394874
439,2532237
440,2665552
441,2798315
442,2927413
443,3054392
444,3179459
445,3303735
446,3414963
447,3499059
448,3558191
449,3593805
450,3607590
451,3598158
452,3569031
453,3517859
454,3449038
455,3360552
456,3255366
457,3132193
458,2994618
459,2841117
460,2674082
461,2494196
462,2302955
463,2101858
464,1891385
465,1674547
466,1451142
467,1226517
468,997991
469,770413
470,544415
471,322045
472,102741
473,-109103
474,-313786
475,-508219
476,-692061
477,-863161
478,-1022287
479,-1167523
480,-1299548
481,-1418165
482,-1522784
483,-1615686
484,-1695993
485,-1765114
486,-1823347
487,-1873876
488,-1915063
489,-1950486
490,-1978623
491,-2003966
492,-2026497
493,-2046346
494,-2066656
495,-2085804
496,-2108157
497,-2130596
498,-2156680
499,-2184768
500,-2215846
501,-2249159
502,-2284989
503,-2322934
504,-2361354
505,-2401074
506,-2438821
507,-2475947
508,-2509725
509,-2540650
510,-2566316
511,-2586451
