# note,坏帮 总长1002 轻轻敲 塑料头 307
# rod_len_mm,
# defect_true_mm,307
# err_mm,-74
# time,2026-07-30 16:07:17
# points,512
# state,DEFECT
# confidence,HIGH
# result_ready,1
# impact_index,0
# defect_index,24
# bottom_index,114
# distance_mm,233
# threshold,500000
# peak_abs,5143676
index,raw24
0,4735
1,4622
2,4534
3,4661
4,4525
5,5092
6,4851
7,5107
8,5042
9,5361
10,4961
11,4824
12,4568
13,4783
14,4910
15,4358
16,4845
17,4813
18,4580
19,4428
20,4523
21,4578
22,4490
23,4857
24,4841
25,5320
26,5159
27,5351
28,4822
29,5654
30,5085
31,4780
32,4732
33,4555
34,4642
35,5146
36,4617
37,4721
38,5064
39,4807
40,5015
41,4958
42,5302
43,5013
44,4844
45,5044
46,4755
47,5266
48,5450
49,5137
50,5688
51,5192
52,5775
53,5398
54,4814
55,4757
56,4676
57,3836
58,-2789
59,-24732
60,-82393
61,-197399
62,-386623
63,-610880
64,-836965
65,-1058103
66,-1273342
67,-1482682
68,-1686021
69,-1883072
70,-2075722
71,-2264796
72,-2450544
73,-2633829
74,-2813923
75,-2993428
76,-3170166
77,-3345923
78,-3518323
79,-3689125
80,-3857827
81,-4024036
82,-4189553
83,-4351401
84,-4513934
85,-4671367
86,-4819461
87,-4881520
88,-4807525
89,-4607290
90,-4368935
91,-4136994
92,-3907601
93,-3682020
94,-3459050
95,-3239756
96,-3022793
97,-2808544
98,-2596081
99,-2386900
100,-2180025
101,-1976574
102,-1774029
103,-1575293
104,-1378180
105,-1183964
106,-992323
107,-802266
108,-615632
109,-430421
110,-248049
111,-66978
112,111718
113,287448
114,460397
115,630277
116,797344
117,961671
118,1122441
119,1280544
120,1435396
121,1587941
122,1737019
123,1882495
124,2011305
125,2119651
126,2204673
127,2258675
128,2277272
129,2257066
130,2201694
131,2114505
132,2003839
133,1878715
134,1748357
135,1620560
136,1501810
137,1397971
138,1313680
139,1250840
140,1206999
141,1180212
142,1165195
143,1157597
144,1152832
145,1149659
146,1148615
147,1151627
148,1163382
149,1189936
150,1236247
151,1307256
152,1406504
153,1534508
154,1682961
155,1834748
156,1982260
157,2128626
158,2271014
159,2412169
160,2548538
161,2685187
162,2801363
163,2871557
164,2890447
165,2854766
166,2759473
167,2597976
168,2370403
169,2114378
170,1856696
171,1601277
172,1350298
173,1103373
174,860326
175,620997
176,387185
177,155674
178,-71465
179,-295952
180,-516372
181,-734677
182,-949323
183,-1160928
184,-1370482
185,-1577011
186,-1782090
187,-1983512
188,-2184438
189,-2379452
190,-2548769
191,-2616426
192,-2557659
193,-2380170
194,-2169048
195,-1963463
196,-1760311
197,-1559040
198,-1359370
199,-1162428
200,-967774
201,-774680
202,-584010
203,-395442
204,-209226
205,-25904
206,155403
207,333360
208,509823
209,682193
210,852486
211,1018565
212,1182913
213,1343401
214,1501525
215,1656781
216,1810099
217,1959598
218,2106775
219,2251574
220,2393483
221,2533095
222,2670506
223,2805916
224,2936949
225,3067190
226,3194808
227,3320026
228,3443285
229,3564112
230,3682861
231,3799836
232,3912444
233,4000806
234,4066814
235,4112765
236,4140407
237,4151654
238,4147243
239,4129033
240,4099785
241,4061348
242,4016148
243,3966874
244,3915310
245,3863648
246,3814200
247,3769303
248,3730299
249,3700427
250,3680127
251,3671606
252,3676334
253,3695253
254,3729098
255,3778139
256,3841630
257,3917321
258,4007155
259,4104497
260,4211100
261,4320122
262,4429459
263,4538190
264,4643892
265,4748453
266,4849234
267,4941218
268,5017622
269,5080258
270,5122734
271,5143676
272,5139400
273,5107365
274,5044158
275,4946174
276,4813106
277,4640927
278,4431848
279,4181603
280,3912269
281,3640895
282,3370082
283,3098887
284,2832117
285,2568707
286,2308969
287,2052520
288,1798781
289,1548649
290,1301252
291,1057109
292,815084
293,576753
294,342187
295,116849
296,-98310
297,-265498
298,-367881
299,-402156
300,-366179
301,-258886
302,-89991
303,90820
304,267537
305,442169
306,613451
307,783056
308,948984
309,1112852
310,1274180
311,1432185
312,1587906
313,1740912
314,1891228
315,2039381
316,2185668
317,2328201
318,2469341
319,2607607
320,2744329
321,2878194
322,3009643
323,3139443
324,3267244
325,3393133
326,3516623
327,3637634
328,3756629
329,3873971
330,3988714
331,4102867
332,4209270
333,4275564
334,4296274
335,4278414
336,4223020
337,4134568
338,4015679
339,3869685
340,3699949
341,3508753
342,3300957
343,3077898
344,2845154
345,2603615
346,2359961
347,2116809
348,1877638
349,1639993
350,1405681
351,1175709
352,949966
353,730218
354,520017
355,320337
356,132522
357,-42438
358,-204457
359,-352112
360,-485709
361,-604386
362,-708480
363,-798025
364,-874600
365,-937125
366,-986979
367,-1025914
368,-1054445
369,-1073172
370,-1083449
371,-1086285
372,-1083864
373,-1077668
374,-1069184
375,-1059606
376,-1050580
377,-1044468
378,-1042581
379,-1046261
380,-1056606
381,-1075477
382,-1104849
383,-1144443
384,-1196687
385,-1261077
386,-1338395
387,-1428503
388,-1531721
389,-1647726
390,-1775029
391,-1913396
392,-2060931
393,-2215791
394,-2377008
395,-2542046
396,-2707912
397,-2873717
398,-3035463
399,-3192188
400,-3339862
401,-3478687
402,-3604214
403,-3714214
404,-3807649
405,-3881488
406,-3935974
407,-3966525
408,-3975073
409,-3958228
410,-3917833
411,-3850602
412,-3758772
413,-3642426
414,-3502373
415,-3339049
416,-3153586
417,-2950209
418,-2738697
419,-2530162
420,-2323165
421,-2120746
422,-1918847
423,-1720989
424,-1524891
425,-1330912
426,-1140038
427,-951259
428,-764111
429,-580105
430,-398210
431,-217346
432,-39591
433,135310
434,308053
435,478183
436,645581
437,810006
438,971331
439,1126845
440,1259899
441,1371681
442,1462834
443,1533543
444,1583244
445,1613555
446,1623782
447,1614784
448,1588802
449,1544952
450,1483876
451,1407279
452,1315907
453,1209762
454,1091647
455,961377
456,821220
457,670056
458,511870
459,345887
460,173845
461,-1680
462,-180528
463,-359962
464,-539310
465,-715460
466,-889421
467,-1058144
468,-1221607
469,-1378330
470,-1527098
471,-1666767
472,-1798036
473,-1918648
474,-2029862
475,-2129606
476,-2219234
477,-2298115
478,-2366003
479,-2423890
480,-2471394
481,-2509068
482,-2537346
483,-2557132
484,-2569172
485,-2575218
486,-2574808
487,-2569726
488,-2561036
489,-2549531
490,-2536948
491,-2523022
492,-2509746
493,-2497712
494,-2488407
495,-2480919
496,-2476736
497,-2474370
498,-2477532
499,-2483062
500,-2492374
501,-2505278
502,-2521628
503,-2541937
504,-2563386
505,-2587873
506,-2612885
507,-2638950
508,-2664580
509,-2687527
510,-2707119
511,-2722604
