# note,坏棒 总长1002mm 轻轻敲 铁头
# rod_len_mm,
# defect_true_mm,695
# err_mm,143
# time,2026-07-30 14:35:27
# points,512
# state,DEFECT
# confidence,HIGH
# result_ready,1
# impact_index,0
# defect_index,83
# bottom_index,110
# distance_mm,838
# threshold,500000
# peak_abs,4535525
index,raw24
0,1800
1,1120
2,1800
3,1608
4,1048
5,1055
6,895
7,1135
8,1175
9,1119
10,1255
11,1055
12,910
13,1062
14,1686
15,1294
16,1078
17,1350
18,629
19,1269
20,1157
21,925
22,1317
23,965
24,1132
25,1148
26,708
27,796
28,1076
29,940
30,1092
31,1012
32,1043
33,707
34,1339
35,723
36,1187
37,1123
38,1075
39,866
40,1106
41,1146
42,1074
43,1170
44,994
45,802
46,1097
47,993
48,1601
49,1721
50,1641
51,1792
52,1768
53,2040
54,1760
55,1784
56,1639
57,1223
58,1775
59,-4937
60,-43161
61,-163627
62,-387631
63,-624128
64,-852364
65,-1070852
66,-1280841
67,-1486933
68,-1687407
69,-1884649
70,-2078123
71,-2271149
72,-2461368
73,-2653644
74,-2842256
75,-3033029
76,-3218651
77,-3399186
78,-3437123
79,-3255951
80,-3033194
81,-2817159
82,-2603207
83,-2390546
84,-2182278
85,-1975323
86,-1771946
87,-1570194
88,-1371386
89,-1173899
90,-980675
91,-789668
92,-602331
93,-417290
94,-235439
95,-56338
96,121069
97,278486
98,345148
99,365818
100,375269
101,408191
102,475982
103,577547
104,697613
105,812304
106,906189
107,977910
108,1028679
109,1073657
110,1121606
111,1177229
112,1239021
113,1304134
114,1364231
115,1415632
116,1456867
117,1493010
118,1527483
119,1561745
120,1596722
121,1632431
122,1668064
123,1704116
124,1740948
125,1776160
126,1809335
127,1836066
128,1854074
129,1857703
130,1843029
131,1807332
132,1750215
133,1668713
134,1562134
135,1430615
136,1278280
137,1110764
138,939949
139,777562
140,637795
141,532781
142,473812
143,465882
144,511417
145,606139
146,749657
147,913581
148,1076286
149,1235682
150,1393244
151,1548057
152,1701212
153,1851221
154,1997771
155,2142599
156,2283361
157,2423347
158,2558211
159,2691978
160,2782610
161,2799534
162,2735192
163,2576626
164,2329456
165,2061716
166,1796608
167,1538293
168,1284281
169,1036332
170,794373
171,556732
172,322416
173,91881
174,-134898
175,-358898
176,-578718
177,-796455
178,-1012654
179,-1228058
180,-1443500
181,-1657964
182,-1859986
183,-1926567
184,-1778107
185,-1575090
186,-1375962
187,-1179114
188,-983914
189,-790890
190,-599546
191,-411784
192,-224990
193,-41123
194,141274
195,320049
196,496074
197,668478
198,837724
199,1004166
200,1167771
201,1328876
202,1485690
203,1640525
204,1791813
205,1940826
206,2086421
207,2229654
208,2369750
209,2508397
210,2642970
211,2775440
212,2906005
213,3033298
214,3134392
215,3201785
216,3249339
217,3280446
218,3304261
219,3323962
220,3345020
221,3367868
222,3393833
223,3422498
224,3451833
225,3481027
226,3506938
227,3528318
228,3543648
229,3552959
230,3556173
231,3553163
232,3543361
233,3528777
234,3508026
235,3482254
236,3449485
237,3408208
238,3359207
239,3299493
240,3232043
241,3153872
242,3067623
243,2975729
244,2881541
245,2788566
246,2702321
247,2627311
248,2569223
249,2534469
250,2528056
251,2552891
252,2613803
253,2710716
254,2839377
255,2971719
256,3102876
257,3231321
258,3359199
259,3482837
260,3606859
261,3727363
262,3846404
263,3962782
264,4077003
265,4188689
266,4298634
267,4407229
268,4500843
269,4535525
270,4504364
271,4405350
272,4234844
273,3993255
274,3713304
275,3432466
276,3151335
277,2876223
278,2604728
279,2337690
280,2074356
281,1815015
282,1559145
283,1305659
284,1056452
285,808155
286,563224
287,319651
288,79900
289,-153630
290,-348091
291,-444424
292,-431802
293,-311469
294,-129519
295,49449
296,227619
297,402231
298,574734
299,743879
300,910901
301,1074501
302,1237034
303,1395731
304,1551681
305,1704635
306,1855491
307,2003673
308,2148636
309,2292270
310,2432374
311,2571189
312,2706723
313,2840505
314,2971814
315,3100763
316,3227825
317,3352095
318,3474541
319,3595189
320,3714310
321,3829969
322,3945493
323,4046460
324,4118078
325,4167559
326,4196298
327,4207426
328,4202912
329,4183399
330,4149281
331,4103654
332,4044625
333,3973771
334,3890670
335,3796635
336,3690860
337,3575841
338,3448877
339,3314176
340,3170443
341,3019808
342,2862568
343,2700914
344,2534672
345,2366211
346,2197842
347,2028982
348,1862910
349,1700171
350,1544131
351,1394919
352,1254348
353,1123931
354,1004754
355,898895
356,806458
357,729503
358,669062
359,625676
360,598888
361,591231
362,601583
363,630093
364,676752
365,739414
366,817971
367,909191
368,1011952
369,1123797
370,1241532
371,1362460
372,1483342
373,1601017
374,1710301
375,1809981
376,1895512
377,1963608
378,2010936
379,2037571
380,2039490
381,2016209
382,1966531
383,1892523
384,1792300
385,1668369
386,1522798
387,1357172
388,1175678
389,981806
390,779351
391,572135
392,365634
393,164253
394,-27215
395,-204996
396,-363459
397,-499934
398,-609233
399,-690775
400,-740363
401,-759296
402,-742716
403,-693825
404,-611764
405,-497810
406,-353765
407,-183490
408,-4547
409,171541
410,344968
411,515422
412,683063
413,847788
414,1009964
415,1169153
416,1325226
417,1479153
418,1630532
419,1778909
420,1925468
421,2069089
422,2210684
423,2350014
424,2487135
425,2621824
426,2754400
427,2885192
428,3012879
429,3139431
430,3264088
431,3386234
432,3507788
433,3617480
434,3708887
435,3784426
436,3842588
437,3885815
438,3910132
439,3918767
440,3910745
441,3885883
442,3843737
443,3786428
444,3712086
445,3623576
446,3520062
447,3403072
448,3273113
449,3132609
450,2980875
451,2820927
452,2653199
453,2478811
454,2300228
455,2117227
456,1932161
457,1745949
458,1560616
459,1376593
460,1196249
461,1019199
462,848147
463,683635
464,525584
465,376616
466,236442
467,106493
468,-12656
469,-120919
470,-217440
471,-301461
472,-373329
473,-433091
474,-480822
475,-515539
476,-539741
477,-552427
478,-555231
479,-549187
480,-535768
481,-514767
482,-489352
483,-459748
484,-428628
485,-396336
486,-364559
487,-335515
488,-310298
489,-289588
490,-274817
491,-266879
492,-265591
493,-271790
494,-285589
495,-306202
496,-333669
497,-366748
498,-404935
499,-446398
500,-491519
501,-536467
502,-581074
503,-623027
504,-660511
505,-693038
506,-718497
507,-735858
508,-742592
509,-738109
510,-721507
511,-692259
