hit,time,file,points,state,conf,impact,defect,bottom,dist_mm,threshold,peak_abs,peak_pos,peak_neg,mean,rod_len_mm,defect_true_mm,err_mm,note
1,14:29:47,hit_001_20260730_142947.csv,512,DEFECT,HIGH,0,77,109,785,500000,3865389,3746393,-3865389,616509.9,,695,90,坏棒 总长1002mm 轻轻敲 铁头
2,14:29:48,hit_002_20260730_142948.csv,512,DEFECT,HIGH,0,76,109,775,500000,3920113,3920113,-3672886,784955.7,,695,80,坏棒 总长1002mm 轻轻敲 铁头
3,14:29:48,hit_003_20260730_142948.csv,512,DEFECT,HIGH,0,31,111,298,500000,5056161,5056161,-2210439,1766932.8,,695,-397,坏棒 总长1002mm 轻轻敲 铁头
4,14:29:49,hit_004_20260730_142949.csv,512,DEFECT,HIGH,0,73,113,601,500000,4771554,4771554,-2823376,1552481.4,,695,-94,坏棒 总长1002mm 轻轻敲 铁头
5,14:29:49,hit_005_20260730_142949.csv,512,NORMAL,HIGH,0,0,113,0,500000,4712806,4712806,-2349902,1685772.4,,695,,坏棒 总长1002mm 轻轻敲 铁头
6,14:29:50,hit_006_20260730_142950.csv,512,DEFECT,HIGH,0,75,108,659,500000,3937984,3937984,-3209005,1098062.5,,695,-36,坏棒 总长1002mm 轻轻敲 铁头
7,14:29:50,hit_007_20260730_142950.csv,512,DEFECT,HIGH,0,74,114,611,500000,4727577,4727577,-3044561,1480816.7,,695,-84,坏棒 总长1002mm 轻轻敲 铁头
8,14:29:51,hit_008_20260730_142951.csv,512,DEFECT,HIGH,0,74,114,605,500000,3679828,3679828,-2810406,1126584.6,,695,-90,坏棒 总长1002mm 轻轻敲 铁头
9,14:29:51,hit_009_20260730_142951.csv,512,DEFECT,HIGH,0,73,113,607,500000,4555980,4555980,-2995029,1403093.2,,695,-88,坏棒 总长1002mm 轻轻敲 铁头
10,14:29:52,hit_010_20260730_142952.csv,512,DEFECT,HIGH,0,75,108,773,500000,4047314,4047314,-3317318,1100712.8,,695,78,坏棒 总长1002mm 轻轻敲 铁头
11,14:29:52,hit_011_20260730_142952.csv,512,DEFECT,HIGH,0,78,109,795,500000,3959743,3959743,-3682717,884497.4,,695,100,坏棒 总长1002mm 轻轻敲 铁头
12,14:29:53,hit_012_20260730_142953.csv,512,DEFECT,HIGH,0,76,108,783,500000,4210934,4210934,-3618073,1064936.0,,695,88,坏棒 总长1002mm 轻轻敲 铁头
13,14:29:53,hit_013_20260730_142953.csv,512,DEFECT,HIGH,0,76,108,783,500000,4082857,4082857,-3533685,1010018.7,,695,88,坏棒 总长1002mm 轻轻敲 铁头
14,14:29:54,hit_014_20260730_142954.csv,512,DEFECT,HIGH,0,76,108,783,500000,4205909,4205909,-3277198,1194241.5,,695,88,坏棒 总长1002mm 轻轻敲 铁头
15,14:29:54,hit_015_20260730_142954.csv,512,DEFECT,HIGH,0,77,108,793,500000,4419680,4419680,-3624208,1128616.8,,695,98,坏棒 总长1002mm 轻轻敲 铁头
16,14:29:55,hit_016_20260730_142955.csv,512,DEFECT,HIGH,0,76,108,783,500000,4290771,4290771,-3439208,1200360.2,,695,88,坏棒 总长1002mm 轻轻敲 铁头
17,14:29:55,hit_017_20260730_142955.csv,512,DEFECT,HIGH,0,76,108,783,500000,4208934,4208934,-3516215,1120559.2,,695,88,坏棒 总长1002mm 轻轻敲 铁头
18,14:29:56,hit_018_20260730_142956.csv,512,DEFECT,HIGH,0,76,108,783,500000,3925294,3925294,-3420352,1029007.9,,695,88,坏棒 总长1002mm 轻轻敲 铁头
19,14:29:56,hit_019_20260730_142956.csv,512,DEFECT,HIGH,0,76,108,783,500000,3795136,3795136,-3504833,868289.5,,695,88,坏棒 总长1002mm 轻轻敲 铁头
20,14:29:57,hit_020_20260730_142957.csv,512,DEFECT,HIGH,0,76,108,783,500000,3795407,3795407,-3192143,1033658.1,,695,88,坏棒 总长1002mm 轻轻敲 铁头
21,14:30:16,hit_021_20260730_143016.csv,512,DEFECT,HIGH,0,79,110,777,500000,3404037,3296474,-3404037,636084.3,,695,82,坏棒 总长1002mm 轻轻敲 铁头
22,14:30:17,hit_022_20260730_143017.csv,512,DEFECT,HIGH,0,76,109,775,500000,3371003,3290147,-3371003,557095.6,,695,80,坏棒 总长1002mm 轻轻敲 铁头
23,14:30:17,hit_023_20260730_143017.csv,512,DEFECT,HIGH,0,75,113,646,500000,3042258,2962594,-3042258,423983.4,,695,-49,坏棒 总长1002mm 轻轻敲 铁头
24,14:30:18,hit_024_20260730_143018.csv,512,NORMAL,HIGH,0,0,109,0,500000,3078149,3078149,-2216819,749907.7,,695,,坏棒 总长1002mm 轻轻敲 铁头
25,14:30:18,hit_025_20260730_143018.csv,512,DEFECT,HIGH,0,76,110,747,500000,2951844,1927293,-2951844,-110940.0,,695,52,坏棒 总长1002mm 轻轻敲 铁头
26,14:30:18,hit_026_20260730_143018.csv,512,DEFECT,HIGH,0,77,110,757,500000,3357013,2310936,-3357013,-55217.2,,695,62,坏棒 总长1002mm 轻轻敲 铁头
27,14:30:19,hit_027_20260730_143019.csv,512,DEFECT,HIGH,0,74,108,762,500000,3184373,2792118,-3184373,311895.0,,695,67,坏棒 总长1002mm 轻轻敲 铁头
28,14:30:19,hit_028_20260730_143019.csv,512,DEFECT,HIGH,0,73,108,752,500000,3546554,3546554,-2889404,827117.1,,695,57,坏棒 总长1002mm 轻轻敲 铁头
29,14:30:20,hit_029_20260730_143020.csv,512,DEFECT,HIGH,0,79,111,790,500000,4097529,4097529,-3908955,817898.2,,695,95,坏棒 总长1002mm 轻轻敲 铁头
30,14:30:20,hit_030_20260730_143020.csv,512,DEFECT,HIGH,0,75,108,773,500000,3601879,3601879,-3493943,620875.9,,695,78,坏棒 总长1002mm 轻轻敲 铁头
31,14:30:21,hit_031_20260730_143021.csv,512,DEFECT,HIGH,0,75,108,773,500000,3744664,3744664,-3222143,838598.2,,695,78,坏棒 总长1002mm 轻轻敲 铁头
32,14:30:21,hit_032_20260730_143021.csv,512,DEFECT,HIGH,0,74,114,711,500000,3524418,3524418,-2817560,893780.9,,695,16,坏棒 总长1002mm 轻轻敲 铁头
33,14:30:22,hit_033_20260730_143022.csv,512,DEFECT,HIGH,0,76,109,775,500000,3656968,3656968,-3614836,658321.1,,695,80,坏棒 总长1002mm 轻轻敲 铁头
34,14:30:22,hit_034_20260730_143022.csv,512,DEFECT,HIGH,0,75,108,773,500000,3675642,3675642,-3398384,732700.2,,695,78,坏棒 总长1002mm 轻轻敲 铁头
35,14:30:22,hit_035_20260730_143022.csv,512,DEFECT,HIGH,0,77,110,777,500000,3661521,3441788,-3661521,462343.8,,695,82,坏棒 总长1002mm 轻轻敲 铁头
36,14:30:23,hit_036_20260730_143023.csv,512,DEFECT,HIGH,0,75,108,773,500000,3478860,3467573,-3478860,562042.3,,695,78,坏棒 总长1002mm 轻轻敲 铁头
37,14:30:23,hit_037_20260730_143023.csv,512,DEFECT,HIGH,0,74,114,718,500000,3590675,3590675,-2994526,874308.6,,695,23,坏棒 总长1002mm 轻轻敲 铁头
38,14:30:24,hit_038_20260730_143024.csv,512,DEFECT,HIGH,0,22,113,194,500000,3328155,3328155,-3204517,459291.6,,695,-501,坏棒 总长1002mm 轻轻敲 铁头
39,14:30:24,hit_039_20260730_143024.csv,512,DEFECT,HIGH,0,73,111,620,500000,3752147,2615355,-3752147,13088.0,,695,-75,坏棒 总长1002mm 轻轻敲 铁头
40,14:30:24,hit_040_20260730_143024.csv,512,DEFECT,HIGH,0,84,111,840,500000,3659692,2868845,-3659692,212740.1,,695,145,坏棒 总长1002mm 轻轻敲 铁头
41,14:30:25,hit_041_20260730_143025.csv,512,DEFECT,HIGH,0,30,111,300,500000,3774250,2677042,-3774250,52686.0,,695,-395,坏棒 总长1002mm 轻轻敲 铁头
42,14:30:25,hit_042_20260730_143025.csv,512,DEFECT,HIGH,0,76,109,775,500000,3661663,3590350,-3661663,565040.0,,695,80,坏棒 总长1002mm 轻轻敲 铁头
43,14:30:26,hit_043_20260730_143026.csv,512,DEFECT,HIGH,0,77,108,773,500000,3711100,3711100,-3363739,831295.9,,695,78,坏棒 总长1002mm 轻轻敲 铁头
44,14:30:26,hit_044_20260730_143026.csv,512,DEFECT,HIGH,0,77,108,773,500000,3570603,3570603,-3362011,685245.6,,695,78,坏棒 总长1002mm 轻轻敲 铁头
45,14:30:26,hit_045_20260730_143026.csv,512,DEFECT,HIGH,0,29,111,290,500000,3950703,2628131,-3950703,-30803.5,,695,-405,坏棒 总长1002mm 轻轻敲 铁头
46,14:30:27,hit_046_20260730_143027.csv,512,DEFECT,HIGH,0,77,110,777,500000,3828523,3681282,-3828523,592886.2,,695,82,坏棒 总长1002mm 轻轻敲 铁头
47,14:30:27,hit_047_20260730_143027.csv,512,DEFECT,HIGH,0,29,111,290,500000,3741485,2978973,-3741485,261679.7,,695,-405,坏棒 总长1002mm 轻轻敲 铁头
48,14:30:28,hit_048_20260730_143028.csv,512,DEFECT,HIGH,0,77,110,777,500000,3702298,3411056,-3702298,493559.6,,695,82,坏棒 总长1002mm 轻轻敲 铁头
49,14:30:28,hit_049_20260730_143028.csv,512,DEFECT,HIGH,0,76,108,762,500000,3387007,3387007,-3302493,574854.2,,695,67,坏棒 总长1002mm 轻轻敲 铁头
50,14:30:28,hit_050_20260730_143028.csv,512,DEFECT,HIGH,0,77,110,777,500000,3671575,3433795,-3671575,547022.9,,695,82,坏棒 总长1002mm 轻轻敲 铁头
51,14:30:29,hit_051_20260730_143029.csv,512,DEFECT,HIGH,0,76,109,775,500000,3472649,3472649,-3382634,650743.6,,695,80,坏棒 总长1002mm 轻轻敲 铁头
52,14:30:29,hit_052_20260730_143029.csv,512,DEFECT,HIGH,0,82,110,828,500000,3474213,2630828,-3474213,179516.4,,695,133,坏棒 总长1002mm 轻轻敲 铁头
53,14:30:30,hit_053_20260730_143030.csv,512,DEFECT,HIGH,0,80,111,780,500000,3788373,3788373,-3771790,774726.7,,695,85,坏棒 总长1002mm 轻轻敲 铁头
54,14:30:30,hit_054_20260730_143030.csv,512,DEFECT,HIGH,0,29,112,287,500000,3599857,2311466,-3599857,-147509.6,,695,-408,坏棒 总长1002mm 轻轻敲 铁头
55,14:30:31,hit_055_20260730_143031.csv,512,DEFECT,HIGH,0,77,110,777,500000,3649404,3578424,-3649404,584376.1,,695,82,坏棒 总长1002mm 轻轻敲 铁头
56,14:30:31,hit_056_20260730_143031.csv,512,DEFECT,HIGH,0,78,112,772,500000,3845459,3170692,-3845459,394822.8,,695,77,坏棒 总长1002mm 轻轻敲 铁头
57,14:30:31,hit_057_20260730_143031.csv,512,DEFECT,HIGH,0,78,111,780,500000,3682236,3682236,-3465906,711681.7,,695,85,坏棒 总长1002mm 轻轻敲 铁头
58,14:30:32,hit_058_20260730_143032.csv,512,DEFECT,HIGH,0,30,113,294,500000,3687868,2735041,-3687868,172286.4,,695,-401,坏棒 总长1002mm 轻轻敲 铁头
59,14:30:32,hit_059_20260730_143032.csv,512,DEFECT,HIGH,0,31,113,303,500000,3623579,3025668,-3623579,353801.4,,695,-392,坏棒 总长1002mm 轻轻敲 铁头
60,14:30:32,hit_060_20260730_143032.csv,512,DEFECT,HIGH,0,31,114,300,500000,3662412,2837570,-3662412,222569.1,,695,-395,坏棒 总长1002mm 轻轻敲 铁头
61,14:30:33,hit_061_20260730_143033.csv,512,DEFECT,HIGH,0,80,113,784,500000,3822604,3635019,-3822604,640020.2,,695,89,坏棒 总长1002mm 轻轻敲 铁头
62,14:30:33,hit_062_20260730_143033.csv,512,DEFECT,HIGH,0,81,115,778,500000,3820753,3158809,-3820753,378587.5,,695,83,坏棒 总长1002mm 轻轻敲 铁头
63,14:30:34,hit_063_20260730_143034.csv,512,DEFECT,HIGH,0,79,111,790,500000,4145998,4145998,-3392239,949861.4,,695,95,坏棒 总长1002mm 轻轻敲 铁头
64,14:30:34,hit_064_20260730_143034.csv,512,DEFECT,HIGH,0,24,119,222,500000,4561666,2739058,-4561666,-115197.3,,695,-473,坏棒 总长1002mm 轻轻敲 铁头
65,14:30:35,hit_065_20260730_143035.csv,512,DEFECT,HIGH,0,79,111,790,500000,4047944,4047944,-3525694,907270.7,,695,95,坏棒 总长1002mm 轻轻敲 铁头
66,14:30:35,hit_066_20260730_143035.csv,512,DEFECT,HIGH,0,78,111,780,500000,3602333,3389954,-3602333,578245.9,,695,85,坏棒 总长1002mm 轻轻敲 铁头
67,14:30:35,hit_067_20260730_143035.csv,512,DEFECT,HIGH,0,79,112,782,500000,3600086,3298004,-3600086,516487.7,,695,87,坏棒 总长1002mm 轻轻敲 铁头
68,14:30:36,hit_068_20260730_143036.csv,512,DEFECT,HIGH,0,79,111,770,500000,3443982,2866727,-3443982,355521.1,,695,75,坏棒 总长1002mm 轻轻敲 铁头
69,14:30:36,hit_069_20260730_143036.csv,512,DEFECT,HIGH,0,31,112,306,500000,3917880,3033468,-3917880,227857.3,,695,-389,坏棒 总长1002mm 轻轻敲 铁头
70,14:30:36,hit_070_20260730_143036.csv,512,DEFECT,HIGH,0,80,111,780,500000,3507025,3062106,-3507025,444051.4,,695,85,坏棒 总长1002mm 轻轻敲 铁头
71,14:30:37,hit_071_20260730_143037.csv,512,DEFECT,HIGH,0,31,113,303,500000,3820998,2734031,-3820998,80752.1,,695,-392,坏棒 总长1002mm 轻轻敲 铁头
72,14:30:37,hit_072_20260730_143037.csv,512,DEFECT,HIGH,0,78,111,780,500000,3692521,3250838,-3692521,443778.2,,695,85,坏棒 总长1002mm 轻轻敲 铁头
73,14:30:38,hit_073_20260730_143038.csv,512,DEFECT,HIGH,0,84,112,831,500000,3511233,2483933,-3511233,70973.4,,695,136,坏棒 总长1002mm 轻轻敲 铁头
74,14:30:38,hit_074_20260730_143038.csv,512,DEFECT,HIGH,0,77,110,777,500000,3576749,3134255,-3576749,382771.6,,695,82,坏棒 总长1002mm 轻轻敲 铁头
75,14:30:38,hit_075_20260730_143038.csv,512,DEFECT,HIGH,0,76,110,767,500000,3544448,3262934,-3544448,454729.0,,695,72,坏棒 总长1002mm 轻轻敲 铁头
76,14:30:39,hit_076_20260730_143039.csv,512,DEFECT,HIGH,0,75,109,765,500000,3388419,3310367,-3388419,483276.5,,695,70,坏棒 总长1002mm 轻轻敲 铁头
77,14:30:39,hit_077_20260730_143039.csv,512,DEFECT,HIGH,0,75,109,765,500000,3461577,2998600,-3461577,320131.3,,695,70,坏棒 总长1002mm 轻轻敲 铁头
78,14:30:40,hit_078_20260730_143040.csv,512,DEFECT,HIGH,0,76,110,767,500000,3476456,3203285,-3476456,437700.1,,695,72,坏棒 总长1002mm 轻轻敲 铁头
79,14:30:40,hit_079_20260730_143040.csv,512,DEFECT,HIGH,0,76,108,783,500000,3689219,3689219,-3546933,705082.5,,695,88,坏棒 总长1002mm 轻轻敲 铁头
80,14:31:18,hit_080_20260730_143118.csv,512,DEFECT,HIGH,0,82,109,836,500000,4645731,4645731,-3012595,1267094.8,,695,141,坏棒 总长1002mm 轻轻敲 铁头
81,14:31:19,hit_081_20260730_143119.csv,512,DEFECT,HIGH,0,76,114,607,500000,4872345,4872345,-2227091,1819984.3,,695,-88,坏棒 总长1002mm 轻轻敲 铁头
82,14:31:19,hit_082_20260730_143119.csv,512,DEFECT,HIGH,0,68,113,537,500000,4857748,4857748,-2219475,1791467.5,,695,-158,坏棒 总长1002mm 轻轻敲 铁头
83,14:31:19,hit_083_20260730_143119.csv,512,DEFECT,HIGH,0,77,108,793,500000,4079013,4079013,-3042336,1151687.1,,695,98,坏棒 总长1002mm 轻轻敲 铁头
84,14:31:20,hit_084_20260730_143120.csv,512,DEFECT,HIGH,0,81,108,835,500000,4305275,4305275,-3063006,1176027.2,,695,140,坏棒 总长1002mm 轻轻敲 铁头
85,14:31:20,hit_085_20260730_143120.csv,512,DEFECT,HIGH,0,77,108,793,500000,4287386,4287386,-3309551,1161086.8,,695,98,坏棒 总长1002mm 轻轻敲 铁头
86,14:31:20,hit_086_20260730_143120.csv,512,DEFECT,HIGH,0,80,110,808,500000,3928026,3928026,-3606660,787969.2,,695,113,坏棒 总长1002mm 轻轻敲 铁头
87,14:31:21,hit_087_20260730_143121.csv,512,DEFECT,HIGH,0,75,108,773,500000,3372187,3372187,-2939889,636780.1,,695,78,坏棒 总长1002mm 轻轻敲 铁头
88,14:31:21,hit_088_20260730_143121.csv,512,DEFECT,HIGH,0,76,115,723,500000,4045331,4045331,-2582124,1225155.6,,695,28,坏棒 总长1002mm 轻轻敲 铁头
89,14:31:22,hit_089_20260730_143122.csv,512,DEFECT,HIGH,0,78,110,787,500000,3684055,3684055,-3498834,665768.7,,695,92,坏棒 总长1002mm 轻轻敲 铁头
90,14:31:22,hit_090_20260730_143122.csv,512,DEFECT,HIGH,0,77,108,793,500000,4000666,4000666,-3187452,994708.3,,695,98,坏棒 总长1002mm 轻轻敲 铁头
91,14:31:22,hit_091_20260730_143122.csv,512,DEFECT,HIGH,0,78,109,795,500000,4040435,4040435,-3267961,976972.6,,695,100,坏棒 总长1002mm 轻轻敲 铁头
92,14:31:23,hit_092_20260730_143123.csv,512,DEFECT,HIGH,0,78,109,795,500000,3911935,3911935,-3294347,847654.5,,695,100,坏棒 总长1002mm 轻轻敲 铁头
93,14:31:23,hit_093_20260730_143123.csv,512,DEFECT,HIGH,0,75,115,721,500000,4054822,4054822,-2847959,1061923.9,,695,26,坏棒 总长1002mm 轻轻敲 铁头
94,14:31:23,hit_094_20260730_143123.csv,512,DEFECT,HIGH,0,77,110,777,500000,3146879,3146879,-3083768,387173.0,,695,82,坏棒 总长1002mm 轻轻敲 铁头
95,14:31:24,hit_095_20260730_143124.csv,512,DEFECT,HIGH,0,78,110,787,500000,3268496,3233690,-3268496,460687.3,,695,92,坏棒 总长1002mm 轻轻敲 铁头
96,14:31:24,hit_096_20260730_143124.csv,512,DEFECT,HIGH,0,85,112,841,500000,3622675,3504434,-3622675,543246.8,,695,146,坏棒 总长1002mm 轻轻敲 铁头
97,14:31:25,hit_097_20260730_143125.csv,512,DEFECT,HIGH,0,32,111,320,500000,3783386,3387480,-3783386,424378.0,,695,-375,坏棒 总长1002mm 轻轻敲 铁头
98,14:31:42,hit_098_20260730_143142.csv,512,DEFECT,HIGH,0,76,109,663,500000,4135298,4135298,-2913845,1166778.7,,695,-32,坏棒 总长1002mm 轻轻敲 铁头
99,14:31:42,hit_099_20260730_143142.csv,512,DEFECT,HIGH,0,75,115,603,500000,4563088,4563088,-2567664,1549757.1,,695,-92,坏棒 总长1002mm 轻轻敲 铁头
100,14:31:43,hit_100_20260730_143143.csv,512,DEFECT,HIGH,0,78,109,795,500000,4096520,4096520,-2897888,1143504.6,,695,100,坏棒 总长1002mm 轻轻敲 铁头
101,14:31:43,hit_101_20260730_143143.csv,512,DEFECT,HIGH,0,76,117,613,500000,4370133,4370133,-2795372,1369774.2,,695,-82,坏棒 总长1002mm 轻轻敲 铁头
102,14:31:43,hit_102_20260730_143143.csv,512,DEFECT,HIGH,0,77,117,622,500000,4535909,4535909,-2887272,1488190.0,,695,-73,坏棒 总长1002mm 轻轻敲 铁头
103,14:31:44,hit_103_20260730_143144.csv,512,DEFECT,HIGH,0,76,117,613,500000,4678590,4678590,-2794651,1574807.7,,695,-82,坏棒 总长1002mm 轻轻敲 铁头
104,14:31:44,hit_104_20260730_143144.csv,512,DEFECT,HIGH,0,76,109,663,500000,4788443,4788443,-2875687,1494425.0,,695,-32,坏棒 总长1002mm 轻轻敲 铁头
105,14:31:44,hit_105_20260730_143144.csv,512,DEFECT,HIGH,0,76,117,607,500000,5081454,5081454,-2663504,1663948.5,,695,-88,坏棒 总长1002mm 轻轻敲 铁头
106,14:31:45,hit_106_20260730_143145.csv,512,DEFECT,HIGH,0,79,110,797,500000,4263076,4263076,-3114253,1061008.4,,695,102,坏棒 总长1002mm 轻轻敲 铁头
107,14:31:45,hit_107_20260730_143145.csv,512,DEFECT,HIGH,0,76,117,601,500000,4814604,4814604,-2530420,1440839.0,,695,-94,坏棒 总长1002mm 轻轻敲 铁头
108,14:31:45,hit_108_20260730_143145.csv,512,DEFECT,HIGH,0,78,111,670,500000,5167199,5167199,-3025612,1698545.7,,695,-25,坏棒 总长1002mm 轻轻敲 铁头
109,14:31:46,hit_109_20260730_143146.csv,512,DEFECT,HIGH,0,78,118,620,500000,5085061,5085061,-2697115,1748131.8,,695,-75,坏棒 总长1002mm 轻轻敲 铁头
110,14:31:46,hit_110_20260730_143146.csv,512,DEFECT,HIGH,0,77,117,611,500000,5256164,5256164,-2554144,1913848.4,,695,-84,坏棒 总长1002mm 轻轻敲 铁头
111,14:31:46,hit_111_20260730_143146.csv,512,DEFECT,HIGH,0,80,110,808,500000,4541699,4541699,-2890466,1232016.0,,695,113,坏棒 总长1002mm 轻轻敲 铁头
112,14:31:47,hit_112_20260730_143147.csv,512,DEFECT,HIGH,0,81,111,810,500000,4583297,4583297,-3259373,1208906.3,,695,115,坏棒 总长1002mm 轻轻敲 铁头
113,14:31:47,hit_113_20260730_143147.csv,512,DEFECT,HIGH,0,77,116,611,500000,5241630,5241630,-2333201,1908289.6,,695,-84,坏棒 总长1002mm 轻轻敲 铁头
114,14:31:47,hit_114_20260730_143147.csv,512,DEFECT,HIGH,0,82,110,828,500000,4862696,4862696,-2904443,1457779.7,,695,133,坏棒 总长1002mm 轻轻敲 铁头
115,14:31:48,hit_115_20260730_143148.csv,512,DEFECT,HIGH,0,85,112,841,500000,4478792,4478792,-3284377,1120661.4,,695,146,坏棒 总长1002mm 轻轻敲 铁头
116,14:31:48,hit_116_20260730_143148.csv,512,DEFECT,HIGH,0,79,110,797,500000,4203956,4203956,-3025754,995414.4,,695,102,坏棒 总长1002mm 轻轻敲 铁头
117,14:31:48,hit_117_20260730_143148.csv,512,DEFECT,HIGH,0,79,111,790,500000,3952482,3952482,-3283361,812245.2,,695,95,坏棒 总长1002mm 轻轻敲 铁头
118,14:31:48,hit_118_20260730_143148.csv,512,DEFECT,HIGH,0,77,119,611,500000,5534760,5534760,-2840720,1875347.0,,695,-84,坏棒 总长1002mm 轻轻敲 铁头
119,14:31:49,hit_119_20260730_143149.csv,512,DEFECT,HIGH,0,85,111,850,500000,4523164,4523164,-3397506,1058549.9,,695,155,坏棒 总长1002mm 轻轻敲 铁头
120,14:31:49,hit_120_20260730_143149.csv,512,DEFECT,HIGH,0,84,111,840,500000,4673298,4673298,-3320900,1199314.6,,695,145,坏棒 总长1002mm 轻轻敲 铁头
121,14:31:49,hit_121_20260730_143149.csv,512,DEFECT,HIGH,0,83,110,838,500000,4777325,4777325,-3182719,1269466.2,,695,143,坏棒 总长1002mm 轻轻敲 铁头
122,14:31:50,hit_122_20260730_143150.csv,512,DEFECT,HIGH,0,77,110,666,500000,4966438,4966438,-3074890,1436984.5,,695,-29,坏棒 总长1002mm 轻轻敲 铁头
123,14:31:50,hit_123_20260730_143150.csv,512,DEFECT,HIGH,0,77,110,666,500000,5087355,5087355,-3122598,1536076.1,,695,-29,坏棒 总长1002mm 轻轻敲 铁头
124,14:31:50,hit_124_20260730_143150.csv,512,DEFECT,HIGH,0,83,110,838,500000,4780852,4780852,-3309329,1272712.2,,695,143,坏棒 总长1002mm 轻轻敲 铁头
125,14:31:51,hit_125_20260730_143151.csv,512,DEFECT,HIGH,0,77,110,666,500000,5023827,5023827,-3008893,1472868.7,,695,-29,坏棒 总长1002mm 轻轻敲 铁头
126,14:31:51,hit_126_20260730_143151.csv,512,DEFECT,HIGH,0,76,108,670,500000,4993504,4993504,-3520621,1478352.6,,695,-25,坏棒 总长1002mm 轻轻敲 铁头
127,14:31:52,hit_127_20260730_143152.csv,512,DEFECT,HIGH,0,76,108,783,500000,4782037,4782037,-3593827,1200709.2,,695,88,坏棒 总长1002mm 轻轻敲 铁头
128,14:31:52,hit_128_20260730_143152.csv,512,DEFECT,HIGH,0,77,110,777,500000,3748304,3571126,-3748304,403133.5,,695,82,坏棒 总长1002mm 轻轻敲 铁头
129,14:31:52,hit_129_20260730_143152.csv,512,DEFECT,HIGH,0,76,109,775,500000,3719003,3335135,-3719003,331490.3,,695,80,坏棒 总长1002mm 轻轻敲 铁头
130,14:31:53,hit_130_20260730_143153.csv,512,DEFECT,HIGH,0,77,110,777,500000,3710142,3519352,-3710142,436596.8,,695,82,坏棒 总长1002mm 轻轻敲 铁头
131,14:31:53,hit_131_20260730_143153.csv,512,DEFECT,HIGH,0,76,108,783,500000,3808055,3808055,-3344916,678879.5,,695,88,坏棒 总长1002mm 轻轻敲 铁头
132,14:31:53,hit_132_20260730_143153.csv,512,DEFECT,HIGH,0,77,109,785,500000,3696038,3696038,-3455989,767108.0,,695,90,坏棒 总长1002mm 轻轻敲 铁头
133,14:31:54,hit_133_20260730_143154.csv,512,DEFECT,HIGH,0,77,108,793,500000,4202731,4202731,-3724052,929346.8,,695,98,坏棒 总长1002mm 轻轻敲 铁头
134,14:31:54,hit_134_20260730_143154.csv,512,DEFECT,HIGH,0,80,111,780,500000,3605357,3269083,-3605357,371502.1,,695,85,坏棒 总长1002mm 轻轻敲 铁头
135,14:31:54,hit_135_20260730_143154.csv,512,DEFECT,HIGH,0,78,110,787,500000,4093324,4093324,-3788827,811912.8,,695,92,坏棒 总长1002mm 轻轻敲 铁头
136,14:31:54,hit_136_20260730_143154.csv,512,DEFECT,HIGH,0,78,110,787,500000,4152636,4152636,-3661081,889220.5,,695,92,坏棒 总长1002mm 轻轻敲 铁头
137,14:31:55,hit_137_20260730_143155.csv,512,DEFECT,HIGH,0,78,110,787,500000,3968831,3968831,-3733976,711248.5,,695,92,坏棒 总长1002mm 轻轻敲 铁头
138,14:31:55,hit_138_20260730_143155.csv,512,DEFECT,HIGH,0,76,109,775,500000,3683707,3469246,-3683707,453377.6,,695,80,坏棒 总长1002mm 轻轻敲 铁头
139,14:31:55,hit_139_20260730_143155.csv,512,DEFECT,HIGH,0,75,108,659,500000,4415828,4415828,-3514400,1164425.8,,695,-36,坏棒 总长1002mm 轻轻敲 铁头
140,14:31:56,hit_140_20260730_143156.csv,512,DEFECT,HIGH,0,74,108,762,500000,3871569,3871569,-3286203,817318.5,,695,67,坏棒 总长1002mm 轻轻敲 铁头
141,14:31:56,hit_141_20260730_143156.csv,512,DEFECT,HIGH,0,23,113,203,500000,3928657,3928657,-3161629,908407.2,,695,-492,坏棒 总长1002mm 轻轻敲 铁头
142,14:31:57,hit_142_20260730_143157.csv,512,DEFECT,HIGH,0,74,108,762,500000,3913656,3913656,-3404352,925436.7,,695,67,坏棒 总长1002mm 轻轻敲 铁头
143,14:31:57,hit_143_20260730_143157.csv,512,DEFECT,HIGH,0,76,108,783,500000,4154237,4154237,-3671845,913452.5,,695,88,坏棒 总长1002mm 轻轻敲 铁头
144,14:31:57,hit_144_20260730_143157.csv,512,DEFECT,HIGH,0,78,110,787,500000,3738083,3603311,-3738083,507997.0,,695,92,坏棒 总长1002mm 轻轻敲 铁头
145,14:31:58,hit_145_20260730_143158.csv,512,DEFECT,HIGH,0,78,111,780,500000,3725907,3725907,-3353227,730377.1,,695,85,坏棒 总长1002mm 轻轻敲 铁头
146,14:31:58,hit_146_20260730_143158.csv,512,DEFECT,HIGH,0,77,110,777,500000,3511802,3214941,-3511802,341624.2,,695,82,坏棒 总长1002mm 轻轻敲 铁头
147,14:31:58,hit_147_20260730_143158.csv,512,DEFECT,HIGH,0,78,109,795,500000,3855289,3855289,-3698832,721283.8,,695,100,坏棒 总长1002mm 轻轻敲 铁头
148,14:31:58,hit_148_20260730_143158.csv,512,DEFECT,HIGH,0,77,109,785,500000,3645747,3645747,-3478079,670048.1,,695,90,坏棒 总长1002mm 轻轻敲 铁头
149,14:31:59,hit_149_20260730_143159.csv,512,DEFECT,HIGH,0,78,111,780,500000,3561138,3561138,-3522136,588254.1,,695,85,坏棒 总长1002mm 轻轻敲 铁头
150,14:31:59,hit_150_20260730_143159.csv,512,DEFECT,HIGH,0,78,110,787,500000,3842969,3842969,-3337778,775239.9,,695,92,坏棒 总长1002mm 轻轻敲 铁头
151,14:31:59,hit_151_20260730_143159.csv,512,DEFECT,HIGH,0,78,110,787,500000,3624418,3555243,-3624418,574040.4,,695,92,坏棒 总长1002mm 轻轻敲 铁头
152,14:32:00,hit_152_20260730_143200.csv,512,DEFECT,HIGH,0,78,111,780,500000,3866661,3074224,-3866661,172680.9,,695,85,坏棒 总长1002mm 轻轻敲 铁头
153,14:32:00,hit_153_20260730_143200.csv,512,DEFECT,HIGH,0,80,112,792,500000,3401000,3299465,-3401000,504291.1,,695,97,坏棒 总长1002mm 轻轻敲 铁头
154,14:32:00,hit_154_20260730_143200.csv,512,DEFECT,HIGH,0,81,113,794,500000,3554187,3309471,-3554187,513659.3,,695,99,坏棒 总长1002mm 轻轻敲 铁头
155,14:32:00,hit_155_20260730_143200.csv,512,DEFECT,HIGH,0,78,117,728,500000,4041812,4041812,-2799697,1115846.2,,695,33,坏棒 总长1002mm 轻轻敲 铁头
156,14:32:01,hit_156_20260730_143201.csv,512,DEFECT,HIGH,0,77,109,785,500000,3884939,3884939,-3237121,886029.2,,695,90,坏棒 总长1002mm 轻轻敲 铁头
157,14:32:01,hit_157_20260730_143201.csv,512,DEFECT,HIGH,0,70,113,578,500000,3570615,2450926,-3570615,-176536.9,,695,-117,坏棒 总长1002mm 轻轻敲 铁头
158,14:32:01,hit_158_20260730_143201.csv,512,DEFECT,HIGH,0,79,111,790,500000,3548282,3548282,-3514239,652121.1,,695,95,坏棒 总长1002mm 轻轻敲 铁头
159,14:32:01,hit_159_20260730_143201.csv,512,DEFECT,HIGH,0,80,111,800,500000,3881664,3881664,-3121770,855019.4,,695,105,坏棒 总长1002mm 轻轻敲 铁头
160,14:32:02,hit_160_20260730_143202.csv,512,DEFECT,HIGH,0,80,112,792,500000,3765900,3765900,-3398260,817010.2,,695,97,坏棒 总长1002mm 轻轻敲 铁头
161,14:32:02,hit_161_20260730_143202.csv,512,DEFECT,HIGH,0,79,112,782,500000,3724520,3409909,-3724520,446272.4,,695,87,坏棒 总长1002mm 轻轻敲 铁头
162,14:32:02,hit_162_20260730_143202.csv,512,DEFECT,HIGH,0,79,111,790,500000,3687594,3221479,-3687594,274502.2,,695,95,坏棒 总长1002mm 轻轻敲 铁头
163,14:32:03,hit_163_20260730_143203.csv,512,DEFECT,HIGH,0,77,109,785,500000,3777479,3777479,-3636024,742732.5,,695,90,坏棒 总长1002mm 轻轻敲 铁头
164,14:32:03,hit_164_20260730_143203.csv,512,DEFECT,HIGH,0,34,112,336,500000,3975055,3480933,-3975055,303322.4,,695,-359,坏棒 总长1002mm 轻轻敲 铁头
165,14:32:03,hit_165_20260730_143203.csv,512,DEFECT,HIGH,0,78,109,795,500000,3867374,3867374,-3046340,950410.8,,695,100,坏棒 总长1002mm 轻轻敲 铁头
166,14:32:03,hit_166_20260730_143203.csv,512,DEFECT,HIGH,0,80,112,792,500000,3887823,3887823,-3235969,859530.8,,695,97,坏棒 总长1002mm 轻轻敲 铁头
167,14:32:04,hit_167_20260730_143204.csv,512,DEFECT,HIGH,0,86,113,843,500000,3587944,3147585,-3587944,342903.5,,695,148,坏棒 总长1002mm 轻轻敲 铁头
168,14:32:04,hit_168_20260730_143204.csv,512,DEFECT,HIGH,0,80,111,800,500000,3785105,3785105,-3715191,587016.6,,695,105,坏棒 总长1002mm 轻轻敲 铁头
169,14:32:04,hit_169_20260730_143204.csv,512,DEFECT,HIGH,0,78,111,780,500000,3564581,3564581,-3361048,633996.0,,695,85,坏棒 总长1002mm 轻轻敲 铁头
170,14:32:04,hit_170_20260730_143204.csv,512,DEFECT,HIGH,0,78,110,787,500000,3877719,3877719,-3290525,760962.9,,695,92,坏棒 总长1002mm 轻轻敲 铁头
171,14:32:05,hit_171_20260730_143205.csv,512,DEFECT,HIGH,0,79,111,790,500000,3953018,3953018,-3292677,820550.6,,695,95,坏棒 总长1002mm 轻轻敲 铁头
172,14:32:05,hit_172_20260730_143205.csv,512,DEFECT,HIGH,0,32,113,313,500000,3483556,2890441,-3483556,285853.0,,695,-382,坏棒 总长1002mm 轻轻敲 铁头
173,14:32:05,hit_173_20260730_143205.csv,512,DEFECT,HIGH,0,84,112,831,500000,3296128,2949186,-3296128,367325.8,,695,136,坏棒 总长1002mm 轻轻敲 铁头
174,14:32:05,hit_174_20260730_143205.csv,512,DEFECT,HIGH,0,78,110,787,500000,3944672,3944672,-3119737,874968.9,,695,92,坏棒 总长1002mm 轻轻敲 铁头
175,14:32:06,hit_175_20260730_143206.csv,512,DEFECT,HIGH,0,80,111,800,500000,3904565,3904565,-3373062,838686.3,,695,105,坏棒 总长1002mm 轻轻敲 铁头
176,14:32:06,hit_176_20260730_143206.csv,512,DEFECT,HIGH,0,79,111,790,500000,3524687,3524687,-3396320,627981.7,,695,95,坏棒 总长1002mm 轻轻敲 铁头
177,14:32:06,hit_177_20260730_143206.csv,512,DEFECT,HIGH,0,88,115,846,500000,3712058,3223796,-3712058,317148.7,,695,151,坏棒 总长1002mm 轻轻敲 铁头
178,14:32:06,hit_178_20260730_143206.csv,512,DEFECT,HIGH,0,82,113,803,500000,4050103,4050103,-3405316,759113.2,,695,108,坏棒 总长1002mm 轻轻敲 铁头
179,14:32:07,hit_179_20260730_143207.csv,512,DEFECT,HIGH,0,87,118,813,500000,4092758,4062356,-4092758,574101.7,,695,118,坏棒 总长1002mm 轻轻敲 铁头
180,14:32:07,hit_180_20260730_143207.csv,512,DEFECT,HIGH,0,80,111,800,500000,4842602,4842602,-2918301,1498123.8,,695,105,坏棒 总长1002mm 轻轻敲 铁头
181,14:32:07,hit_181_20260730_143207.csv,512,DEFECT,HIGH,0,79,110,797,500000,4209273,4209273,-3571516,913733.6,,695,102,坏棒 总长1002mm 轻轻敲 铁头
182,14:32:07,hit_182_20260730_143207.csv,512,DEFECT,HIGH,0,77,109,673,500000,5024255,5024255,-3155344,1600773.5,,695,-22,坏棒 总长1002mm 轻轻敲 铁头
183,14:32:08,hit_183_20260730_143208.csv,512,DEFECT,HIGH,0,75,108,659,500000,4481652,4481652,-3048110,1281974.9,,695,-36,坏棒 总长1002mm 轻轻敲 铁头
184,14:32:08,hit_184_20260730_143208.csv,512,DEFECT,HIGH,0,79,110,797,500000,4340604,4340604,-3303526,1071142.3,,695,102,坏棒 总长1002mm 轻轻敲 铁头
185,14:32:08,hit_185_20260730_143208.csv,512,DEFECT,HIGH,0,80,112,792,500000,4120381,4120381,-3671565,815664.8,,695,97,坏棒 总长1002mm 轻轻敲 铁头
186,14:32:09,hit_186_20260730_143209.csv,512,DEFECT,HIGH,0,82,110,828,500000,4607081,4607081,-3053317,1285301.6,,695,133,坏棒 总长1002mm 轻轻敲 铁头
187,14:32:09,hit_187_20260730_143209.csv,512,DEFECT,HIGH,0,87,114,844,500000,4419318,4419318,-3971852,917039.9,,695,149,坏棒 总长1002mm 轻轻敲 铁头
188,14:32:09,hit_188_20260730_143209.csv,512,DEFECT,HIGH,0,86,113,843,500000,4763727,4763727,-3909669,1141540.7,,695,148,坏棒 总长1002mm 轻轻敲 铁头
189,14:32:10,hit_189_20260730_143210.csv,512,DEFECT,HIGH,0,84,111,840,500000,4443708,4443708,-3180103,1080704.5,,695,145,坏棒 总长1002mm 轻轻敲 铁头
190,14:32:10,hit_190_20260730_143210.csv,512,DEFECT,HIGH,0,83,111,830,500000,4852862,4852862,-3090554,1426650.1,,695,135,坏棒 总长1002mm 轻轻敲 铁头
191,14:32:10,hit_191_20260730_143210.csv,512,DEFECT,HIGH,0,82,110,828,500000,4832797,4832797,-3174728,1343405.5,,695,133,坏棒 总长1002mm 轻轻敲 铁头
192,14:32:11,hit_192_20260730_143211.csv,512,DEFECT,HIGH,0,79,110,797,500000,4912589,4912589,-2959883,1406586.0,,695,102,坏棒 总长1002mm 轻轻敲 铁头
193,14:32:11,hit_193_20260730_143211.csv,512,DEFECT,HIGH,0,79,111,790,500000,4322419,4322419,-3149060,998496.4,,695,95,坏棒 总长1002mm 轻轻敲 铁头
194,14:32:11,hit_194_20260730_143211.csv,512,DEFECT,HIGH,0,84,116,800,500000,4202642,3928610,-4202642,662381.5,,695,105,坏棒 总长1002mm 轻轻敲 铁头
195,14:32:11,hit_195_20260730_143211.csv,512,DEFECT,HIGH,0,80,111,800,500000,4596220,4596220,-3152855,1154702.6,,695,105,坏棒 总长1002mm 轻轻敲 铁头
196,14:32:12,hit_196_20260730_143212.csv,512,DEFECT,HIGH,0,79,118,731,500000,4565106,4565106,-2842228,1278709.9,,695,36,坏棒 总长1002mm 轻轻敲 铁头
197,14:32:12,hit_197_20260730_143212.csv,512,DEFECT,HIGH,0,77,118,611,500000,4981099,4981099,-2900222,1449850.8,,695,-84,坏棒 总长1002mm 轻轻敲 铁头
198,14:32:12,hit_198_20260730_143212.csv,512,DEFECT,HIGH,0,78,110,676,500000,5138612,5138612,-2860014,1581778.2,,695,-19,坏棒 总长1002mm 轻轻敲 铁头
199,14:32:13,hit_199_20260730_143213.csv,512,DEFECT,HIGH,0,81,112,801,500000,4798374,4798374,-3171907,1278795.2,,695,106,坏棒 总长1002mm 轻轻敲 铁头
200,14:32:13,hit_200_20260730_143213.csv,512,DEFECT,HIGH,0,82,112,811,500000,4787953,4787953,-3204888,1248744.3,,695,116,坏棒 总长1002mm 轻轻敲 铁头
201,14:32:13,hit_201_20260730_143213.csv,512,DEFECT,HIGH,0,81,112,801,500000,4901405,4901405,-3076421,1306470.1,,695,106,坏棒 总长1002mm 轻轻敲 铁头
202,14:32:13,hit_202_20260730_143213.csv,512,DEFECT,HIGH,0,81,111,810,500000,5097742,5097742,-2957846,1460050.0,,695,115,坏棒 总长1002mm 轻轻敲 铁头
203,14:32:14,hit_203_20260730_143214.csv,512,DEFECT,HIGH,0,78,110,676,500000,5209209,5209209,-2958258,1604660.2,,695,-19,坏棒 总长1002mm 轻轻敲 铁头
204,14:32:14,hit_204_20260730_143214.csv,512,DEFECT,HIGH,0,80,110,808,500000,5157623,5157623,-3099794,1480388.5,,695,113,坏棒 总长1002mm 轻轻敲 铁头
205,14:32:14,hit_205_20260730_143214.csv,512,DEFECT,HIGH,0,82,119,759,500000,5597124,5597124,-2794972,1789129.1,,695,64,坏棒 总长1002mm 轻轻敲 铁头
206,14:32:15,hit_206_20260730_143215.csv,512,DEFECT,HIGH,0,83,112,821,500000,5038530,5038530,-3259477,1139459.0,,695,126,坏棒 总长1002mm 轻轻敲 铁头
207,14:32:15,hit_207_20260730_143215.csv,512,DEFECT,HIGH,0,82,112,811,500000,4313070,4313070,-3325117,831215.1,,695,116,坏棒 总长1002mm 轻轻敲 铁头
208,14:32:15,hit_208_20260730_143215.csv,512,DEFECT,HIGH,0,36,113,352,500000,3784510,3194745,-3784510,169354.1,,695,-343,坏棒 总长1002mm 轻轻敲 铁头
209,14:32:15,hit_209_20260730_143215.csv,512,DEFECT,HIGH,0,35,112,346,500000,4000885,3503618,-4000885,405882.5,,695,-349,坏棒 总长1002mm 轻轻敲 铁头
210,14:32:16,hit_210_20260730_143216.csv,512,DEFECT,HIGH,0,79,110,797,500000,4239526,4239526,-3778754,906463.1,,695,102,坏棒 总长1002mm 轻轻敲 铁头
211,14:32:16,hit_211_20260730_143216.csv,512,DEFECT,HIGH,0,77,108,793,500000,4020173,4020173,-3767228,806697.1,,695,98,坏棒 总长1002mm 轻轻敲 铁头
212,14:32:16,hit_212_20260730_143216.csv,512,DEFECT,HIGH,0,76,108,783,500000,3950797,3950797,-3662187,765453.7,,695,88,坏棒 总长1002mm 轻轻敲 铁头
213,14:32:16,hit_213_20260730_143216.csv,512,DEFECT,HIGH,0,77,109,785,500000,3711545,3700507,-3711545,511245.8,,695,90,坏棒 总长1002mm 轻轻敲 铁头
214,14:32:17,hit_214_20260730_143217.csv,512,DEFECT,HIGH,0,77,109,785,500000,3928697,3928697,-3786962,759051.9,,695,90,坏棒 总长1002mm 轻轻敲 铁头
215,14:32:17,hit_215_20260730_143217.csv,512,DEFECT,HIGH,0,78,111,780,500000,3923142,3636057,-3923142,417414.2,,695,85,坏棒 总长1002mm 轻轻敲 铁头
216,14:32:17,hit_216_20260730_143217.csv,512,DEFECT,HIGH,0,78,109,795,500000,4235667,4235667,-3845341,885924.7,,695,100,坏棒 总长1002mm 轻轻敲 铁头
217,14:32:18,hit_217_20260730_143218.csv,512,DEFECT,HIGH,0,78,110,787,500000,3784925,3784925,-3573131,721088.5,,695,92,坏棒 总长1002mm 轻轻敲 铁头
218,14:32:18,hit_218_20260730_143218.csv,512,DEFECT,HIGH,0,31,111,310,500000,3711959,3292909,-3711959,367985.0,,695,-385,坏棒 总长1002mm 轻轻敲 铁头
219,14:32:18,hit_219_20260730_143218.csv,512,DEFECT,HIGH,0,33,112,326,500000,3826017,3473527,-3826017,429853.4,,695,-369,坏棒 总长1002mm 轻轻敲 铁头
220,14:32:18,hit_220_20260730_143218.csv,512,DEFECT,HIGH,0,79,111,790,500000,4031056,4031056,-3722478,806960.0,,695,95,坏棒 总长1002mm 轻轻敲 铁头
221,14:32:19,hit_221_20260730_143219.csv,512,DEFECT,HIGH,0,79,110,797,500000,3758909,3758909,-3426153,711872.6,,695,102,坏棒 总长1002mm 轻轻敲 铁头
222,14:32:19,hit_222_20260730_143219.csv,512,DEFECT,HIGH,0,79,111,790,500000,3561779,3479368,-3561779,516399.6,,695,95,坏棒 总长1002mm 轻轻敲 铁头
223,14:32:19,hit_223_20260730_143219.csv,512,DEFECT,HIGH,0,78,110,787,500000,3835679,3573927,-3835679,480764.8,,695,92,坏棒 总长1002mm 轻轻敲 铁头
224,14:32:20,hit_224_20260730_143220.csv,512,DEFECT,HIGH,0,77,108,773,500000,3490992,3490992,-3250805,743854.5,,695,78,坏棒 总长1002mm 轻轻敲 铁头
225,14:32:20,hit_225_20260730_143220.csv,512,DEFECT,HIGH,0,73,114,601,500000,3175288,3175288,-3069947,607987.6,,695,-94,坏棒 总长1002mm 轻轻敲 铁头
226,14:32:20,hit_226_20260730_143220.csv,512,DEFECT,HIGH,0,23,115,203,500000,3466730,3466730,-3268372,717208.4,,695,-492,坏棒 总长1002mm 轻轻敲 铁头
227,14:32:20,hit_227_20260730_143220.csv,512,DEFECT,HIGH,0,76,108,783,500000,3881262,3881262,-3604774,858456.6,,695,88,坏棒 总长1002mm 轻轻敲 铁头
228,14:32:21,hit_228_20260730_143221.csv,512,DEFECT,HIGH,0,32,114,304,500000,4394402,4394402,-2687125,1256789.4,,695,-391,坏棒 总长1002mm 轻轻敲 铁头
229,14:32:21,hit_229_20260730_143221.csv,512,DEFECT,HIGH,0,75,108,659,500000,4065845,4065845,-3257323,1040901.2,,695,-36,坏棒 总长1002mm 轻轻敲 铁头
230,14:32:21,hit_230_20260730_143221.csv,512,DEFECT,HIGH,0,77,109,785,500000,3957025,3957025,-3493627,827441.4,,695,90,坏棒 总长1002mm 轻轻敲 铁头
231,14:32:22,hit_231_20260730_143222.csv,512,DEFECT,HIGH,0,75,108,659,500000,4169618,4169618,-2999384,1099241.2,,695,-36,坏棒 总长1002mm 轻轻敲 铁头
232,14:32:22,hit_232_20260730_143222.csv,512,DEFECT,HIGH,0,78,110,787,500000,4299662,4299662,-3000165,1211272.5,,695,92,坏棒 总长1002mm 轻轻敲 铁头
233,14:32:22,hit_233_20260730_143222.csv,512,DEFECT,HIGH,0,75,108,659,500000,4443977,4443977,-2930915,1273875.8,,695,-36,坏棒 总长1002mm 轻轻敲 铁头
234,14:32:22,hit_234_20260730_143222.csv,512,DEFECT,HIGH,0,75,108,659,500000,4333175,4333175,-3381056,1123731.5,,695,-36,坏棒 总长1002mm 轻轻敲 铁头
235,14:32:23,hit_235_20260730_143223.csv,512,DEFECT,HIGH,0,75,108,659,500000,4309675,4309675,-2830075,1237200.7,,695,-36,坏棒 总长1002mm 轻轻敲 铁头
236,14:32:23,hit_236_20260730_143223.csv,512,DEFECT,HIGH,0,79,111,790,500000,4173278,4173278,-3312842,1018055.2,,695,95,坏棒 总长1002mm 轻轻敲 铁头
237,14:32:23,hit_237_20260730_143223.csv,512,DEFECT,HIGH,0,79,112,782,500000,3698913,3623308,-3698913,580616.9,,695,87,坏棒 总长1002mm 轻轻敲 铁头
238,14:32:23,hit_238_20260730_143223.csv,512,DEFECT,HIGH,0,75,108,773,500000,4188422,4188422,-3255329,983483.3,,695,78,坏棒 总长1002mm 轻轻敲 铁头
239,14:32:24,hit_239_20260730_143224.csv,512,DEFECT,HIGH,0,76,109,775,500000,3968179,3968179,-3399706,702583.9,,695,80,坏棒 总长1002mm 轻轻敲 铁头
240,14:32:24,hit_240_20260730_143224.csv,512,DEFECT,HIGH,0,30,110,303,500000,3819854,3448755,-3819854,407149.1,,695,-392,坏棒 总长1002mm 轻轻敲 铁头
241,14:32:24,hit_241_20260730_143224.csv,512,DEFECT,HIGH,0,32,112,316,500000,3760088,3039510,-3760088,226183.8,,695,-379,坏棒 总长1002mm 轻轻敲 铁头
242,14:32:24,hit_242_20260730_143224.csv,512,DEFECT,HIGH,0,77,111,770,500000,3504741,3257876,-3504741,385961.3,,695,75,坏棒 总长1002mm 轻轻敲 铁头
243,14:32:25,hit_243_20260730_143225.csv,512,DEFECT,HIGH,0,79,111,790,500000,3776565,3682677,-3776565,568415.3,,695,95,坏棒 总长1002mm 轻轻敲 铁头
244,14:32:25,hit_244_20260730_143225.csv,512,DEFECT,HIGH,0,79,110,797,500000,4222651,4222651,-3000744,1134181.7,,695,102,坏棒 总长1002mm 轻轻敲 铁头
245,14:32:25,hit_245_20260730_143225.csv,512,DEFECT,HIGH,0,77,109,785,500000,4110096,4110096,-3031050,1047958.5,,695,90,坏棒 总长1002mm 轻轻敲 铁头
246,14:32:25,hit_246_20260730_143225.csv,512,DEFECT,HIGH,0,78,110,787,500000,3841685,3841685,-3437242,806344.7,,695,92,坏棒 总长1002mm 轻轻敲 铁头
247,14:32:26,hit_247_20260730_143226.csv,512,DEFECT,HIGH,0,75,108,773,500000,4001065,4001065,-3449014,751571.4,,695,78,坏棒 总长1002mm 轻轻敲 铁头
248,14:32:26,hit_248_20260730_143226.csv,512,DEFECT,HIGH,0,25,115,221,500000,3908198,3908198,-3270973,583290.9,,695,-474,坏棒 总长1002mm 轻轻敲 铁头
249,14:32:26,hit_249_20260730_143226.csv,512,DEFECT,HIGH,0,32,110,323,500000,3956691,2678161,-3956691,-184377.6,,695,-372,坏棒 总长1002mm 轻轻敲 铁头
250,14:32:26,hit_250_20260730_143226.csv,512,DEFECT,HIGH,0,22,113,194,500000,3645695,3645695,-3344787,533863.0,,695,-501,坏棒 总长1002mm 轻轻敲 铁头
251,14:32:27,hit_251_20260730_143227.csv,512,DEFECT,HIGH,0,78,110,787,500000,3573692,3573692,-3458780,490317.0,,695,92,坏棒 总长1002mm 轻轻敲 铁头
252,14:32:27,hit_252_20260730_143227.csv,512,DEFECT,HIGH,0,78,109,795,500000,4271387,4271387,-3329613,978753.1,,695,100,坏棒 总长1002mm 轻轻敲 铁头
253,14:32:27,hit_253_20260730_143227.csv,512,DEFECT,HIGH,0,39,115,375,500000,4279879,3150069,-4279879,144632.9,,695,-320,坏棒 总长1002mm 轻轻敲 铁头
254,14:32:27,hit_254_20260730_143227.csv,512,DEFECT,HIGH,0,37,115,355,500000,4021699,3067535,-4021699,249919.4,,695,-340,坏棒 总长1002mm 轻轻敲 铁头
255,14:32:28,hit_255_20260730_143228.csv,512,DEFECT,HIGH,0,33,113,323,500000,3844234,3201658,-3844234,320338.0,,695,-372,坏棒 总长1002mm 轻轻敲 铁头
256,14:32:28,hit_256_20260730_143228.csv,512,DEFECT,HIGH,0,74,116,600,500000,4484464,4484464,-2979890,1220283.7,,695,-95,坏棒 总长1002mm 轻轻敲 铁头
257,14:32:28,hit_257_20260730_143228.csv,512,DEFECT,HIGH,0,30,110,303,500000,3673374,3673374,-3637592,506582.4,,695,-392,坏棒 总长1002mm 轻轻敲 铁头
258,14:32:28,hit_258_20260730_143228.csv,512,DEFECT,HIGH,0,77,110,777,500000,3655172,3645536,-3655172,530265.4,,695,82,坏棒 总长1002mm 轻轻敲 铁头
259,14:32:29,hit_259_20260730_143229.csv,512,DEFECT,HIGH,0,75,108,773,500000,3707109,3707109,-3633559,740651.0,,695,78,坏棒 总长1002mm 轻轻敲 铁头
260,14:32:29,hit_260_20260730_143229.csv,512,DEFECT,HIGH,0,84,111,840,500000,4295752,4295752,-3198167,1050646.0,,695,145,坏棒 总长1002mm 轻轻敲 铁头
261,14:32:29,hit_261_20260730_143229.csv,512,DEFECT,HIGH,0,80,111,800,500000,3965579,3965579,-3225068,833345.7,,695,105,坏棒 总长1002mm 轻轻敲 铁头
262,14:32:29,hit_262_20260730_143229.csv,512,DEFECT,HIGH,0,78,111,670,500000,4724504,4724504,-3001791,1506192.9,,695,-25,坏棒 总长1002mm 轻轻敲 铁头
263,14:32:30,hit_263_20260730_143230.csv,512,DEFECT,HIGH,0,81,109,826,500000,4460728,4460728,-3188540,1211315.3,,695,131,坏棒 总长1002mm 轻轻敲 铁头
264,14:32:30,hit_264_20260730_143230.csv,512,DEFECT,HIGH,0,76,108,783,500000,4171648,4171648,-3477532,1023504.9,,695,88,坏棒 总长1002mm 轻轻敲 铁头
265,14:32:30,hit_265_20260730_143230.csv,512,DEFECT,HIGH,0,75,108,773,500000,3855811,3855811,-3519627,858228.0,,695,78,坏棒 总长1002mm 轻轻敲 铁头
266,14:32:30,hit_266_20260730_143230.csv,512,DEFECT,HIGH,0,30,114,291,500000,3263710,2382020,-3263710,-9094.6,,695,-404,坏棒 总长1002mm 轻轻敲 铁头
267,14:32:31,hit_267_20260730_143231.csv,512,DEFECT,HIGH,0,80,112,792,500000,3545902,3545902,-3396624,558668.7,,695,97,坏棒 总长1002mm 轻轻敲 铁头
268,14:32:31,hit_268_20260730_143231.csv,512,DEFECT,HIGH,0,77,110,666,500000,4999782,4999782,-3005670,1500609.8,,695,-29,坏棒 总长1002mm 轻轻敲 铁头
269,14:32:31,hit_269_20260730_143231.csv,512,DEFECT,HIGH,0,79,110,797,500000,4271008,4271008,-3483876,965206.4,,695,102,坏棒 总长1002mm 轻轻敲 铁头
270,14:32:31,hit_270_20260730_143231.csv,512,DEFECT,HIGH,0,78,109,795,500000,4229488,4229488,-3296565,1104504.9,,695,100,坏棒 总长1002mm 轻轻敲 铁头
271,14:32:32,hit_271_20260730_143232.csv,512,DEFECT,HIGH,0,83,114,805,500000,4105307,3847987,-4105307,618897.7,,695,110,坏棒 总长1002mm 轻轻敲 铁头
272,14:32:32,hit_272_20260730_143232.csv,512,DEFECT,HIGH,0,83,111,830,500000,4258307,4258307,-3123891,1092252.2,,695,135,坏棒 总长1002mm 轻轻敲 铁头
273,14:32:32,hit_273_20260730_143232.csv,512,DEFECT,HIGH,0,87,114,844,500000,4212585,4212585,-3852200,917546.5,,695,149,坏棒 总长1002mm 轻轻敲 铁头
274,14:32:32,hit_274_20260730_143232.csv,512,DEFECT,HIGH,0,80,112,792,500000,3598460,3598460,-3479709,644676.4,,695,97,坏棒 总长1002mm 轻轻敲 铁头
275,14:32:33,hit_275_20260730_143233.csv,512,DEFECT,HIGH,0,79,111,790,500000,3709463,3709463,-3600093,663802.1,,695,95,坏棒 总长1002mm 轻轻敲 铁头
276,14:32:33,hit_276_20260730_143233.csv,512,DEFECT,HIGH,0,79,111,790,500000,3645570,3552470,-3645570,559556.2,,695,95,坏棒 总长1002mm 轻轻敲 铁头
277,14:32:33,hit_277_20260730_143233.csv,512,DEFECT,HIGH,0,78,109,795,500000,4270722,4270722,-3048435,1116051.3,,695,100,坏棒 总长1002mm 轻轻敲 铁头
278,14:32:33,hit_278_20260730_143233.csv,512,DEFECT,HIGH,0,78,110,676,500000,4556327,4556327,-2920849,1320837.9,,695,-19,坏棒 总长1002mm 轻轻敲 铁头
279,14:32:34,hit_279_20260730_143234.csv,512,DEFECT,HIGH,0,76,116,613,500000,4843425,4843425,-2695079,1575566.5,,695,-82,坏棒 总长1002mm 轻轻敲 铁头
280,14:32:34,hit_280_20260730_143234.csv,512,DEFECT,HIGH,0,75,108,659,500000,4417777,4417777,-3258270,1162656.1,,695,-36,坏棒 总长1002mm 轻轻敲 铁头
281,14:32:34,hit_281_20260730_143234.csv,512,DEFECT,HIGH,0,78,110,787,500000,3861237,3861237,-3295098,906723.9,,695,92,坏棒 总长1002mm 轻轻敲 铁头
282,14:32:34,hit_282_20260730_143234.csv,512,DEFECT,HIGH,0,81,117,757,500000,4367006,4367006,-2714813,1276563.3,,695,62,坏棒 总长1002mm 轻轻敲 铁头
283,14:32:35,hit_283_20260730_143235.csv,512,DEFECT,HIGH,0,83,111,830,500000,4360229,4360229,-2959253,1166025.7,,695,135,坏棒 总长1002mm 轻轻敲 铁头
284,14:32:35,hit_284_20260730_143235.csv,512,DEFECT,HIGH,0,78,111,780,500000,3861718,3861718,-3392280,795877.7,,695,85,坏棒 总长1002mm 轻轻敲 铁头
285,14:32:35,hit_285_20260730_143235.csv,512,DEFECT,HIGH,0,76,109,775,500000,4033493,4033493,-3151788,947117.4,,695,80,坏棒 总长1002mm 轻轻敲 铁头
286,14:32:35,hit_286_20260730_143235.csv,512,DEFECT,HIGH,0,77,109,785,500000,4110769,4110769,-3475847,753015.7,,695,90,坏棒 总长1002mm 轻轻敲 铁头
287,14:32:36,hit_287_20260730_143236.csv,512,DEFECT,HIGH,0,77,109,785,500000,4149302,4149302,-3145541,1017688.1,,695,90,坏棒 总长1002mm 轻轻敲 铁头
288,14:32:36,hit_288_20260730_143236.csv,512,DEFECT,HIGH,0,75,108,659,500000,4133948,4133948,-2920168,1078720.4,,695,-36,坏棒 总长1002mm 轻轻敲 铁头
289,14:32:36,hit_289_20260730_143236.csv,512,DEFECT,HIGH,0,76,117,607,500000,4406054,4406054,-2678959,1339288.6,,695,-88,坏棒 总长1002mm 轻轻敲 铁头
290,14:32:36,hit_290_20260730_143236.csv,512,DEFECT,HIGH,0,82,110,828,500000,4374083,4374083,-2966482,1237328.2,,695,133,坏棒 总长1002mm 轻轻敲 铁头
291,14:32:37,hit_291_20260730_143237.csv,512,DEFECT,HIGH,0,78,110,787,500000,3703450,3607101,-3703450,530731.8,,695,92,坏棒 总长1002mm 轻轻敲 铁头
292,14:32:37,hit_292_20260730_143237.csv,512,DEFECT,HIGH,0,22,113,194,500000,3608184,3608184,-3061331,546124.9,,695,-501,坏棒 总长1002mm 轻轻敲 铁头
293,14:32:37,hit_293_20260730_143237.csv,512,DEFECT,HIGH,0,22,113,215,500000,4122862,4122862,-2923058,962240.3,,695,-480,坏棒 总长1002mm 轻轻敲 铁头
294,14:32:37,hit_294_20260730_143237.csv,512,DEFECT,HIGH,0,74,108,762,500000,3848976,3848976,-3312546,664449.7,,695,67,坏棒 总长1002mm 轻轻敲 铁头
295,14:32:38,hit_295_20260730_143238.csv,512,DEFECT,HIGH,0,76,108,783,500000,4286459,4286459,-3375819,1044809.1,,695,88,坏棒 总长1002mm 轻轻敲 铁头
296,14:32:38,hit_296_20260730_143238.csv,512,DEFECT,HIGH,0,75,108,773,500000,4104234,4104234,-3260370,991499.5,,695,78,坏棒 总长1002mm 轻轻敲 铁头
297,14:32:38,hit_297_20260730_143238.csv,512,DEFECT,HIGH,0,77,109,785,500000,3750740,3750740,-3512642,597722.9,,695,90,坏棒 总长1002mm 轻轻敲 铁头
298,14:32:38,hit_298_20260730_143238.csv,512,DEFECT,HIGH,0,76,108,670,500000,4593434,4593434,-3605064,1193492.1,,695,-25,坏棒 总长1002mm 轻轻敲 铁头
299,14:32:39,hit_299_20260730_143239.csv,512,DEFECT,HIGH,0,78,109,795,500000,4190839,4190839,-3039159,1125026.3,,695,100,坏棒 总长1002mm 轻轻敲 铁头
300,14:32:39,hit_300_20260730_143239.csv,512,DEFECT,HIGH,0,77,109,765,500000,3302846,3302846,-3007942,610934.8,,695,70,坏棒 总长1002mm 轻轻敲 铁头
301,14:32:39,hit_301_20260730_143239.csv,512,DEFECT,HIGH,0,72,113,598,500000,4256133,4256133,-3029647,1161302.9,,695,-97,坏棒 总长1002mm 轻轻敲 铁头
302,14:32:40,hit_302_20260730_143240.csv,512,DEFECT,HIGH,0,75,108,773,500000,4035791,4035791,-3646191,811583.0,,695,78,坏棒 总长1002mm 轻轻敲 铁头
303,14:32:40,hit_303_20260730_143240.csv,512,DEFECT,HIGH,0,78,110,787,500000,3583106,3583106,-3034102,738550.9,,695,92,坏棒 总长1002mm 轻轻敲 铁头
304,14:32:40,hit_304_20260730_143240.csv,512,DEFECT,HIGH,0,76,109,663,500000,4856207,4856207,-2952514,1478682.9,,695,-32,坏棒 总长1002mm 轻轻敲 铁头
305,14:32:41,hit_305_20260730_143241.csv,512,DEFECT,HIGH,0,21,112,205,500000,4234488,4234488,-2826781,1134682.4,,695,-490,坏棒 总长1002mm 轻轻敲 铁头
306,14:32:41,hit_306_20260730_143241.csv,512,DEFECT,HIGH,0,75,108,773,500000,4025001,4025001,-3729987,787819.7,,695,78,坏棒 总长1002mm 轻轻敲 铁头
307,14:32:42,hit_307_20260730_143242.csv,512,DEFECT,HIGH,0,82,110,828,500000,4355834,4355834,-3010488,1161091.0,,695,133,坏棒 总长1002mm 轻轻敲 铁头
308,14:32:42,hit_308_20260730_143242.csv,512,DEFECT,HIGH,0,75,116,603,500000,4462676,4462676,-2846404,1354185.7,,695,-92,坏棒 总长1002mm 轻轻敲 铁头
309,14:32:42,hit_309_20260730_143242.csv,512,DEFECT,HIGH,0,75,108,773,500000,4220532,4220532,-3358538,921542.9,,695,78,坏棒 总长1002mm 轻轻敲 铁头
310,14:32:43,hit_310_20260730_143243.csv,512,DEFECT,HIGH,0,73,114,708,500000,3957631,3957631,-2725389,897059.5,,695,13,坏棒 总长1002mm 轻轻敲 铁头
311,14:32:43,hit_311_20260730_143243.csv,512,DEFECT,HIGH,0,23,113,203,500000,4119112,4119112,-3227963,765357.3,,695,-492,坏棒 总长1002mm 轻轻敲 铁头
312,14:32:43,hit_312_20260730_143243.csv,512,DEFECT,HIGH,0,74,108,762,500000,3879154,3879154,-3410161,758298.0,,695,67,坏棒 总长1002mm 轻轻敲 铁头
313,14:32:44,hit_313_20260730_143244.csv,512,DEFECT,HIGH,0,73,113,646,500000,3864738,3864738,-3170024,961757.6,,695,-49,坏棒 总长1002mm 轻轻敲 铁头
314,14:32:44,hit_314_20260730_143244.csv,512,DEFECT,HIGH,0,34,114,330,500000,3859164,2918850,-3859164,85901.1,,695,-365,坏棒 总长1002mm 轻轻敲 铁头
315,14:32:44,hit_315_20260730_143244.csv,512,DEFECT,HIGH,0,81,109,826,500000,4420541,4420541,-3304942,1113384.0,,695,131,坏棒 总长1002mm 轻轻敲 铁头
316,14:32:45,hit_316_20260730_143245.csv,512,DEFECT,HIGH,0,75,108,659,500000,4698833,4698833,-3183542,1372253.8,,695,-36,坏棒 总长1002mm 轻轻敲 铁头
317,14:32:45,hit_317_20260730_143245.csv,512,DEFECT,HIGH,0,78,110,787,500000,4098385,4098385,-3691573,762535.4,,695,92,坏棒 总长1002mm 轻轻敲 铁头
318,14:32:45,hit_318_20260730_143245.csv,512,DEFECT,HIGH,0,76,108,783,500000,4221418,4221418,-3201711,862620.4,,695,88,坏棒 总长1002mm 轻轻敲 铁头
319,14:32:46,hit_319_20260730_143246.csv,512,DEFECT,HIGH,0,77,109,785,500000,4175569,4175569,-2888648,988593.3,,695,90,坏棒 总长1002mm 轻轻敲 铁头
320,14:32:46,hit_320_20260730_143246.csv,512,DEFECT,HIGH,0,79,111,790,500000,4021563,4021563,-3323800,821177.7,,695,95,坏棒 总长1002mm 轻轻敲 铁头
321,14:32:46,hit_321_20260730_143246.csv,512,DEFECT,HIGH,0,83,111,830,500000,4307556,4307556,-2903961,1125311.3,,695,135,坏棒 总长1002mm 轻轻敲 铁头
322,14:32:46,hit_322_20260730_143246.csv,512,DEFECT,HIGH,0,81,113,794,500000,3686543,3686543,-3320452,651234.5,,695,99,坏棒 总长1002mm 轻轻敲 铁头
323,14:32:47,hit_323_20260730_143247.csv,512,DEFECT,HIGH,0,86,112,851,500000,3921410,3615482,-3921410,443171.2,,695,156,坏棒 总长1002mm 轻轻敲 铁头
324,14:32:47,hit_324_20260730_143247.csv,512,DEFECT,HIGH,0,75,108,659,500000,4416568,4416568,-2907397,1316838.5,,695,-36,坏棒 总长1002mm 轻轻敲 铁头
325,14:32:47,hit_325_20260730_143247.csv,512,DEFECT,HIGH,0,21,113,185,500000,3825135,3825135,-3079624,876203.9,,695,-510,坏棒 总长1002mm 轻轻敲 铁头
326,14:32:48,hit_326_20260730_143248.csv,512,DEFECT,HIGH,0,74,108,649,500000,4621980,4621980,-3213938,1333543.0,,695,-46,坏棒 总长1002mm 轻轻敲 铁头
327,14:32:48,hit_327_20260730_143248.csv,512,DEFECT,HIGH,0,76,115,716,500000,5313342,5313342,-2434381,1701533.0,,695,21,坏棒 总长1002mm 轻轻敲 铁头
328,14:32:48,hit_328_20260730_143248.csv,512,DEFECT,HIGH,0,75,108,659,500000,4563702,4563702,-3157061,1227719.9,,695,-36,坏棒 总长1002mm 轻轻敲 铁头
329,14:32:48,hit_329_20260730_143248.csv,512,DEFECT,HIGH,0,81,112,801,500000,4953423,4953423,-3238832,1509240.0,,695,106,坏棒 总长1002mm 轻轻敲 铁头
330,14:32:49,hit_330_20260730_143249.csv,512,DEFECT,HIGH,0,77,109,673,500000,4919807,4919807,-2968048,1462333.7,,695,-22,坏棒 总长1002mm 轻轻敲 铁头
331,14:32:49,hit_331_20260730_143249.csv,512,DEFECT,HIGH,0,76,109,663,500000,4783322,4783322,-2937672,1517474.2,,695,-32,坏棒 总长1002mm 轻轻敲 铁头
332,14:32:49,hit_332_20260730_143249.csv,512,DEFECT,HIGH,0,74,108,649,500000,4529811,4529811,-3355956,1219776.2,,695,-46,坏棒 总长1002mm 轻轻敲 铁头
333,14:32:50,hit_333_20260730_143250.csv,512,DEFECT,HIGH,0,75,108,659,500000,4827622,4827622,-2920016,1376012.3,,695,-36,坏棒 总长1002mm 轻轻敲 铁头
334,14:32:50,hit_334_20260730_143250.csv,512,DEFECT,HIGH,0,76,108,783,500000,4126402,4126402,-3109072,875559.2,,695,88,坏棒 总长1002mm 轻轻敲 铁头
335,14:32:50,hit_335_20260730_143250.csv,512,DEFECT,HIGH,0,74,108,762,500000,3966265,3966265,-3434992,741855.4,,695,67,坏棒 总长1002mm 轻轻敲 铁头
336,14:32:50,hit_336_20260730_143250.csv,512,DEFECT,HIGH,0,78,109,795,500000,4170273,4170273,-3197445,964274.4,,695,100,坏棒 总长1002mm 轻轻敲 铁头
337,14:32:51,hit_337_20260730_143251.csv,512,DEFECT,HIGH,0,77,116,611,500000,5032784,5032784,-2296162,1772938.4,,695,-84,坏棒 总长1002mm 轻轻敲 铁头
338,14:32:51,hit_338_20260730_143251.csv,512,DEFECT,HIGH,0,81,112,801,500000,4309641,4309641,-3320171,1010382.1,,695,106,坏棒 总长1002mm 轻轻敲 铁头
339,14:32:51,hit_339_20260730_143251.csv,512,DEFECT,HIGH,0,80,111,800,500000,3965795,3965795,-3302856,814003.5,,695,105,坏棒 总长1002mm 轻轻敲 铁头
340,14:32:52,hit_340_20260730_143252.csv,512,DEFECT,HIGH,0,84,111,840,500000,4334122,4334122,-3406898,1069118.2,,695,145,坏棒 总长1002mm 轻轻敲 铁头
341,14:32:52,hit_341_20260730_143252.csv,512,DEFECT,HIGH,0,78,110,676,500000,5203894,5203894,-2993081,1638497.2,,695,-19,坏棒 总长1002mm 轻轻敲 铁头
342,14:32:52,hit_342_20260730_143252.csv,512,DEFECT,HIGH,0,77,118,616,500000,5770498,5770498,-2830793,1939842.1,,695,-79,坏棒 总长1002mm 轻轻敲 铁头
343,14:32:53,hit_343_20260730_143253.csv,512,DEFECT,HIGH,0,79,110,797,500000,5018342,5018342,-3053120,1392048.8,,695,102,坏棒 总长1002mm 轻轻敲 铁头
344,14:33:55,hit_344_20260730_143355.csv,512,DEFECT,HIGH,0,64,98,540,500000,1049322,638951,-1049322,19937.3,,695,-155,坏棒 总长1002mm 轻轻敲 铁头
345,14:34:07,hit_345_20260730_143407.csv,512,DEFECT,HIGH,0,76,109,663,500000,4835179,4835179,-3456299,1376231.6,,695,-32,坏棒 总长1002mm 轻轻敲 铁头
346,14:34:08,hit_346_20260730_143408.csv,512,DEFECT,HIGH,0,81,109,826,500000,4653549,4653549,-3117456,1344625.3,,695,131,坏棒 总长1002mm 轻轻敲 铁头
347,14:34:08,hit_347_20260730_143408.csv,512,DEFECT,HIGH,0,82,110,828,500000,4866230,4866230,-3124409,1430620.9,,695,133,坏棒 总长1002mm 轻轻敲 铁头
348,14:34:09,hit_348_20260730_143409.csv,512,DEFECT,HIGH,0,83,111,830,500000,5043079,5043079,-3265241,1512424.3,,695,135,坏棒 总长1002mm 轻轻敲 铁头
349,14:34:09,hit_349_20260730_143409.csv,512,DEFECT,HIGH,0,77,109,673,500000,5298689,5298689,-2941787,1817736.1,,695,-22,坏棒 总长1002mm 轻轻敲 铁头
350,14:34:54,hit_350_20260730_143454.csv,512,DEFECT,HIGH,0,78,110,676,500000,5285254,5285254,-3074514,1747155.7,,695,-19,坏棒 总长1002mm 轻轻敲 铁头
351,14:34:55,hit_351_20260730_143455.csv,512,DEFECT,HIGH,0,77,109,673,500000,4866384,4866384,-2949113,1525904.7,,695,-22,坏棒 总长1002mm 轻轻敲 铁头
352,14:34:55,hit_352_20260730_143455.csv,512,DEFECT,HIGH,0,83,111,830,500000,4763693,4763693,-3359942,1377049.2,,695,135,坏棒 总长1002mm 轻轻敲 铁头
353,14:34:55,hit_353_20260730_143455.csv,512,DEFECT,HIGH,0,82,110,828,500000,4708932,4708932,-3121979,1406451.4,,695,133,坏棒 总长1002mm 轻轻敲 铁头
354,14:34:56,hit_354_20260730_143456.csv,512,DEFECT,HIGH,0,82,113,803,500000,4000146,4000146,-3538055,905460.7,,695,108,坏棒 总长1002mm 轻轻敲 铁头
355,14:34:56,hit_355_20260730_143456.csv,512,DEFECT,HIGH,0,81,110,818,500000,4422730,4422730,-2996936,1246886.2,,695,123,坏棒 总长1002mm 轻轻敲 铁头
356,14:34:56,hit_356_20260730_143456.csv,512,DEFECT,HIGH,0,83,110,838,500000,4665362,4665362,-3249467,1266112.0,,695,143,坏棒 总长1002mm 轻轻敲 铁头
357,14:34:57,hit_357_20260730_143457.csv,512,DEFECT,HIGH,0,82,109,836,500000,4520305,4520305,-3217385,1279811.9,,695,141,坏棒 总长1002mm 轻轻敲 铁头
358,14:34:57,hit_358_20260730_143457.csv,512,DEFECT,HIGH,0,76,108,670,500000,4879823,4879823,-3081168,1509822.9,,695,-25,坏棒 总长1002mm 轻轻敲 铁头
359,14:34:57,hit_359_20260730_143457.csv,512,DEFECT,HIGH,0,76,108,670,500000,4601644,4601644,-3240516,1369063.2,,695,-25,坏棒 总长1002mm 轻轻敲 铁头
360,14:34:58,hit_360_20260730_143458.csv,512,DEFECT,HIGH,0,82,109,836,500000,4341733,4341733,-3467389,1187741.5,,695,141,坏棒 总长1002mm 轻轻敲 铁头
361,14:34:58,hit_361_20260730_143458.csv,512,DEFECT,HIGH,0,78,109,795,500000,4553481,4553481,-3692226,1187782.9,,695,100,坏棒 总长1002mm 轻轻敲 铁头
362,14:34:59,hit_362_20260730_143459.csv,512,DEFECT,HIGH,0,76,108,783,500000,4424319,4424319,-3472342,1213680.4,,695,88,坏棒 总长1002mm 轻轻敲 铁头
363,14:34:59,hit_363_20260730_143459.csv,512,DEFECT,HIGH,0,77,109,785,500000,4127739,4127739,-3753180,856916.6,,695,90,坏棒 总长1002mm 轻轻敲 铁头
364,14:34:59,hit_364_20260730_143459.csv,512,DEFECT,HIGH,0,73,108,752,500000,4256708,4256708,-3053852,1158018.9,,695,57,坏棒 总长1002mm 轻轻敲 铁头
365,14:35:00,hit_365_20260730_143500.csv,512,DEFECT,HIGH,0,74,108,649,500000,4424875,4424875,-3322260,1207922.1,,695,-46,坏棒 总长1002mm 轻轻敲 铁头
366,14:35:00,hit_366_20260730_143500.csv,512,DEFECT,HIGH,0,74,108,762,500000,4155818,4155818,-3304253,1089825.9,,695,67,坏棒 总长1002mm 轻轻敲 铁头
367,14:35:00,hit_367_20260730_143500.csv,512,DEFECT,HIGH,0,21,112,207,500000,4322906,4322906,-2915817,1212146.7,,695,-488,坏棒 总长1002mm 轻轻敲 铁头
368,14:35:01,hit_368_20260730_143501.csv,512,DEFECT,HIGH,0,76,109,663,500000,5004702,5004702,-3266394,1538384.5,,695,-32,坏棒 总长1002mm 轻轻敲 铁头
369,14:35:02,hit_369_20260730_143502.csv,512,DEFECT,HIGH,0,76,109,663,500000,4400272,4400272,-3487172,1217812.9,,695,-32,坏棒 总长1002mm 轻轻敲 铁头
370,14:35:02,hit_370_20260730_143502.csv,512,DEFECT,HIGH,0,81,109,826,500000,4492552,4492552,-3338770,1256631.7,,695,131,坏棒 总长1002mm 轻轻敲 铁头
371,14:35:02,hit_371_20260730_143502.csv,512,DEFECT,HIGH,0,79,111,790,500000,4031713,4031713,-3741756,795912.3,,695,95,坏棒 总长1002mm 轻轻敲 铁头
372,14:35:03,hit_372_20260730_143503.csv,512,DEFECT,HIGH,0,78,110,787,500000,3987154,3987154,-3616302,904075.0,,695,92,坏棒 总长1002mm 轻轻敲 铁头
373,14:35:03,hit_373_20260730_143503.csv,512,DEFECT,HIGH,0,74,108,649,500000,4171369,4171369,-3227071,1158847.7,,695,-46,坏棒 总长1002mm 轻轻敲 铁头
374,14:35:04,hit_374_20260730_143504.csv,512,DEFECT,HIGH,0,72,112,603,500000,4042472,4042472,-2969422,1074271.5,,695,-92,坏棒 总长1002mm 轻轻敲 铁头
375,14:35:04,hit_375_20260730_143504.csv,512,DEFECT,HIGH,0,74,108,762,500000,4112336,4112336,-3218508,1109127.7,,695,67,坏棒 总长1002mm 轻轻敲 铁头
376,14:35:04,hit_376_20260730_143504.csv,512,DEFECT,HIGH,0,77,109,785,500000,3667862,3667862,-3643858,644882.0,,695,90,坏棒 总长1002mm 轻轻敲 铁头
377,14:35:04,hit_377_20260730_143504.csv,512,DEFECT,HIGH,0,76,110,767,500000,3585119,3132263,-3585119,331435.9,,695,72,坏棒 总长1002mm 轻轻敲 铁头
378,14:35:05,hit_378_20260730_143505.csv,512,DEFECT,HIGH,0,76,108,783,500000,3709703,3709703,-3267815,868074.2,,695,88,坏棒 总长1002mm 轻轻敲 铁头
379,14:35:05,hit_379_20260730_143505.csv,512,DEFECT,HIGH,0,76,109,775,500000,3521955,3521955,-3442977,648853.1,,695,80,坏棒 总长1002mm 轻轻敲 铁头
380,14:35:05,hit_380_20260730_143505.csv,512,DEFECT,HIGH,0,76,109,775,500000,3616805,3616805,-3443340,704795.0,,695,80,坏棒 总长1002mm 轻轻敲 铁头
381,14:35:06,hit_381_20260730_143506.csv,512,DEFECT,HIGH,0,76,109,775,500000,3631385,3631385,-3441067,651096.7,,695,80,坏棒 总长1002mm 轻轻敲 铁头
382,14:35:06,hit_382_20260730_143506.csv,512,DEFECT,HIGH,0,74,108,762,500000,3511352,3511352,-3450171,466847.7,,695,67,坏棒 总长1002mm 轻轻敲 铁头
383,14:35:06,hit_383_20260730_143506.csv,512,DEFECT,HIGH,0,76,109,775,500000,3727818,3727818,-3649942,700532.9,,695,80,坏棒 总长1002mm 轻轻敲 铁头
384,14:35:07,hit_384_20260730_143507.csv,512,DEFECT,HIGH,0,74,108,762,500000,4030578,4030578,-3352434,1033235.6,,695,67,坏棒 总长1002mm 轻轻敲 铁头
385,14:35:07,hit_385_20260730_143507.csv,512,DEFECT,HIGH,0,76,108,783,500000,3960264,3960264,-3623530,850530.1,,695,88,坏棒 总长1002mm 轻轻敲 铁头
386,14:35:07,hit_386_20260730_143507.csv,512,DEFECT,HIGH,0,74,108,762,500000,4186227,4186227,-3196844,1070087.1,,695,67,坏棒 总长1002mm 轻轻敲 铁头
387,14:35:08,hit_387_20260730_143508.csv,512,DEFECT,HIGH,0,74,108,649,500000,4355710,4355710,-3419078,1179254.6,,695,-46,坏棒 总长1002mm 轻轻敲 铁头
388,14:35:08,hit_388_20260730_143508.csv,512,DEFECT,HIGH,0,74,108,762,500000,3559570,3559570,-3375670,588106.7,,695,67,坏棒 总长1002mm 轻轻敲 铁头
389,14:35:08,hit_389_20260730_143508.csv,512,DEFECT,HIGH,0,75,108,773,500000,3860238,3860238,-3282425,1028093.8,,695,78,坏棒 总长1002mm 轻轻敲 铁头
390,14:35:09,hit_390_20260730_143509.csv,512,DEFECT,HIGH,0,75,108,773,500000,3779926,3779926,-3354712,872234.4,,695,78,坏棒 总长1002mm 轻轻敲 铁头
391,14:35:09,hit_391_20260730_143509.csv,512,DEFECT,HIGH,0,73,108,752,500000,3891129,3891129,-3018323,940723.6,,695,57,坏棒 总长1002mm 轻轻敲 铁头
392,14:35:09,hit_392_20260730_143509.csv,512,DEFECT,HIGH,0,72,113,699,500000,3558435,3558435,-2846050,791203.0,,695,4,坏棒 总长1002mm 轻轻敲 铁头
393,14:35:10,hit_393_20260730_143510.csv,512,DEFECT,HIGH,0,99,109,862,500000,4333781,4333781,-2299068,1365065.7,,695,167,坏棒 总长1002mm 轻轻敲 铁头
394,14:35:10,hit_394_20260730_143510.csv,512,DEFECT,HIGH,0,100,112,872,500000,3557722,3557722,-2745042,612466.9,,695,177,坏棒 总长1002mm 轻轻敲 铁头
395,14:35:10,hit_395_20260730_143510.csv,512,DEFECT,HIGH,0,100,110,872,500000,4431497,4431497,-2469508,1382362.2,,695,177,坏棒 总长1002mm 轻轻敲 铁头
396,14:35:11,hit_396_20260730_143511.csv,512,DEFECT,HIGH,0,21,112,203,500000,4086700,4086700,-2754278,954842.5,,695,-492,坏棒 总长1002mm 轻轻敲 铁头
397,14:35:11,hit_397_20260730_143511.csv,512,DEFECT,HIGH,0,75,108,659,500000,4400944,4400944,-2441278,1318585.7,,695,-36,坏棒 总长1002mm 轻轻敲 铁头
398,14:35:11,hit_398_20260730_143511.csv,512,NORMAL,HIGH,0,0,109,0,500000,3761892,3761892,-2504606,1113966.6,,695,,坏棒 总长1002mm 轻轻敲 铁头
399,14:35:11,hit_399_20260730_143511.csv,512,DEFECT,HIGH,0,81,108,835,500000,3439438,3172530,-3439438,375090.0,,695,140,坏棒 总长1002mm 轻轻敲 铁头
400,14:35:12,hit_400_20260730_143512.csv,512,DEFECT,HIGH,0,74,108,762,500000,3847443,3847443,-3224269,928653.3,,695,67,坏棒 总长1002mm 轻轻敲 铁头
401,14:35:12,hit_401_20260730_143512.csv,512,DEFECT,HIGH,0,76,109,775,500000,3934450,3934450,-3117025,955204.1,,695,80,坏棒 总长1002mm 轻轻敲 铁头
402,14:35:12,hit_402_20260730_143512.csv,512,DEFECT,HIGH,0,83,111,830,500000,4429183,4429183,-3357994,1184179.3,,695,135,坏棒 总长1002mm 轻轻敲 铁头
403,14:35:13,hit_403_20260730_143513.csv,512,DEFECT,HIGH,0,78,111,780,500000,3970008,3970008,-3002215,1002345.0,,695,85,坏棒 总长1002mm 轻轻敲 铁头
404,14:35:13,hit_404_20260730_143513.csv,512,DEFECT,HIGH,0,81,109,826,500000,4381150,4381150,-3000315,1250928.6,,695,131,坏棒 总长1002mm 轻轻敲 铁头
405,14:35:13,hit_405_20260730_143513.csv,512,DEFECT,HIGH,0,76,116,613,500000,4172973,4172973,-2841544,1244457.3,,695,-82,坏棒 总长1002mm 轻轻敲 铁头
406,14:35:14,hit_406_20260730_143514.csv,512,DEFECT,HIGH,0,67,112,533,500000,4578388,4578388,-2294513,1616617.8,,695,-162,坏棒 总长1002mm 轻轻敲 铁头
407,14:35:14,hit_407_20260730_143514.csv,512,DEFECT,HIGH,0,22,114,213,500000,4511533,3208425,-4511533,224448.1,,695,-482,坏棒 总长1002mm 轻轻敲 铁头
408,14:35:14,hit_408_20260730_143514.csv,512,DEFECT,HIGH,0,71,109,669,500000,5201986,5201986,-2193912,1700398.9,,695,-26,坏棒 总长1002mm 轻轻敲 铁头
409,14:35:14,hit_409_20260730_143514.csv,512,DEFECT,HIGH,0,76,108,783,500000,3799935,3799935,-3260452,907114.3,,695,88,坏棒 总长1002mm 轻轻敲 铁头
410,14:35:15,hit_410_20260730_143515.csv,512,DEFECT,HIGH,0,75,116,609,500000,4541144,4541144,-2952351,1434739.5,,695,-86,坏棒 总长1002mm 轻轻敲 铁头
411,14:35:15,hit_411_20260730_143515.csv,512,DEFECT,HIGH,0,74,114,600,500000,4218919,4218919,-2723709,1352308.0,,695,-95,坏棒 总长1002mm 轻轻敲 铁头
412,14:35:15,hit_412_20260730_143515.csv,512,DEFECT,HIGH,0,22,113,194,500000,3607988,3607988,-3264201,722448.6,,695,-501,坏棒 总长1002mm 轻轻敲 铁头
413,14:35:16,hit_413_20260730_143516.csv,512,DEFECT,HIGH,0,100,111,872,500000,4258341,4258341,-2545509,1284659.9,,695,177,坏棒 总长1002mm 轻轻敲 铁头
414,14:35:16,hit_414_20260730_143516.csv,512,DEFECT,HIGH,0,22,108,217,500000,3977666,3977666,-2054149,1222026.1,,695,-478,坏棒 总长1002mm 轻轻敲 铁头
415,14:35:16,hit_415_20260730_143516.csv,512,DEFECT,HIGH,0,79,110,777,500000,3556043,3278904,-3556043,593358.0,,695,82,坏棒 总长1002mm 轻轻敲 铁头
416,14:35:16,hit_416_20260730_143516.csv,512,DEFECT,HIGH,0,32,111,320,500000,4089953,3251397,-4089953,303719.6,,695,-375,坏棒 总长1002mm 轻轻敲 铁头
417,14:35:17,hit_417_20260730_143517.csv,512,DEFECT,HIGH,0,30,111,300,500000,3702449,3271588,-3702449,402153.6,,695,-395,坏棒 总长1002mm 轻轻敲 铁头
418,14:35:17,hit_418_20260730_143517.csv,512,DEFECT,HIGH,0,76,108,783,500000,3984906,3984906,-3393709,957074.7,,695,88,坏棒 总长1002mm 轻轻敲 铁头
419,14:35:17,hit_419_20260730_143517.csv,512,DEFECT,HIGH,0,76,108,783,500000,4100307,4100307,-3543505,946948.8,,695,88,坏棒 总长1002mm 轻轻敲 铁头
420,14:35:17,hit_420_20260730_143517.csv,512,DEFECT,HIGH,0,75,108,773,500000,4046656,4046656,-3416866,992233.9,,695,78,坏棒 总长1002mm 轻轻敲 铁头
421,14:35:18,hit_421_20260730_143518.csv,512,DEFECT,HIGH,0,76,108,783,500000,4057553,4057553,-3402453,949561.0,,695,88,坏棒 总长1002mm 轻轻敲 铁头
422,14:35:18,hit_422_20260730_143518.csv,512,DEFECT,HIGH,0,76,109,775,500000,3684301,3684301,-2571433,700672.1,,695,80,坏棒 总长1002mm 轻轻敲 铁头
423,14:35:18,hit_423_20260730_143518.csv,512,DEFECT,HIGH,0,74,108,649,500000,4766754,4766754,-2070105,1471366.6,,695,-46,坏棒 总长1002mm 轻轻敲 铁头
424,14:35:19,hit_424_20260730_143519.csv,512,DEFECT,HIGH,0,71,112,588,500000,4500053,4500053,-2700215,1317087.2,,695,-107,坏棒 总长1002mm 轻轻敲 铁头
425,14:35:19,hit_425_20260730_143519.csv,512,DEFECT,HIGH,0,73,108,639,500000,4188950,4188950,-3251131,1162948.7,,695,-56,坏棒 总长1002mm 轻轻敲 铁头
426,14:35:19,hit_426_20260730_143519.csv,512,DEFECT,HIGH,0,74,115,605,500000,4501067,4501067,-2748207,1456121.1,,695,-90,坏棒 总长1002mm 轻轻敲 铁头
427,14:35:19,hit_427_20260730_143519.csv,512,DEFECT,HIGH,0,76,108,783,500000,4576107,4576107,-2964861,1361461.1,,695,88,坏棒 总长1002mm 轻轻敲 铁头
428,14:35:20,hit_428_20260730_143520.csv,512,DEFECT,HIGH,0,76,109,663,500000,5432599,5432599,-3054511,1696314.0,,695,-32,坏棒 总长1002mm 轻轻敲 铁头
429,14:35:20,hit_429_20260730_143520.csv,512,DEFECT,HIGH,0,84,112,831,500000,4329386,4329386,-3435098,1059155.3,,695,136,坏棒 总长1002mm 轻轻敲 铁头
430,14:35:20,hit_430_20260730_143520.csv,512,DEFECT,HIGH,0,75,108,773,500000,4444448,4444448,-3043671,1102501.8,,695,78,坏棒 总长1002mm 轻轻敲 铁头
431,14:35:21,hit_431_20260730_143521.csv,512,DEFECT,HIGH,0,76,109,663,500000,4631074,4631074,-3326805,1349307.5,,695,-32,坏棒 总长1002mm 轻轻敲 铁头
432,14:35:21,hit_432_20260730_143521.csv,512,DEFECT,HIGH,0,79,111,790,500000,3770431,3770431,-3685529,693985.5,,695,95,坏棒 总长1002mm 轻轻敲 铁头
433,14:35:21,hit_433_20260730_143521.csv,512,DEFECT,HIGH,0,81,109,826,500000,4217499,4217499,-2951444,1197128.6,,695,131,坏棒 总长1002mm 轻轻敲 铁头
434,14:35:21,hit_434_20260730_143521.csv,512,DEFECT,HIGH,0,76,115,619,500000,4706638,4706638,-2779500,1609511.7,,695,-76,坏棒 总长1002mm 轻轻敲 铁头
435,14:35:22,hit_435_20260730_143522.csv,512,DEFECT,HIGH,0,80,111,800,500000,4034804,4034804,-3929054,751056.5,,695,105,坏棒 总长1002mm 轻轻敲 铁头
436,14:35:22,hit_436_20260730_143522.csv,512,DEFECT,HIGH,0,74,108,762,500000,4238145,4238145,-3019239,1091529.2,,695,67,坏棒 总长1002mm 轻轻敲 铁头
437,14:35:22,hit_437_20260730_143522.csv,512,DEFECT,HIGH,0,71,111,588,500000,4889802,4889802,-2539698,1517030.1,,695,-107,坏棒 总长1002mm 轻轻敲 铁头
438,14:35:22,hit_438_20260730_143522.csv,512,DEFECT,HIGH,0,76,108,783,500000,4493405,4493405,-3525782,1223264.4,,695,88,坏棒 总长1002mm 轻轻敲 铁头
439,14:35:23,hit_439_20260730_143523.csv,512,DEFECT,HIGH,0,81,109,826,500000,4496361,4496361,-3244095,1258364.9,,695,131,坏棒 总长1002mm 轻轻敲 铁头
440,14:35:23,hit_440_20260730_143523.csv,512,DEFECT,HIGH,0,78,110,787,500000,4159062,4159062,-3587774,900143.8,,695,92,坏棒 总长1002mm 轻轻敲 铁头
441,14:35:23,hit_441_20260730_143523.csv,512,DEFECT,HIGH,0,75,108,659,500000,4248980,4248980,-3348404,1155978.2,,695,-36,坏棒 总长1002mm 轻轻敲 铁头
442,14:35:23,hit_442_20260730_143523.csv,512,DEFECT,HIGH,0,72,108,628,500000,4337540,4337540,-3179977,1190004.5,,695,-67,坏棒 总长1002mm 轻轻敲 铁头
443,14:35:24,hit_443_20260730_143524.csv,512,DEFECT,HIGH,0,100,110,872,500000,4104520,4104520,-2448945,1240305.8,,695,177,坏棒 总长1002mm 轻轻敲 铁头
444,14:35:24,hit_444_20260730_143524.csv,512,DEFECT,HIGH,0,74,113,725,500000,4027291,4027291,-2953264,1144306.6,,695,30,坏棒 总长1002mm 轻轻敲 铁头
445,14:35:24,hit_445_20260730_143524.csv,512,DEFECT,HIGH,0,66,112,528,500000,4340273,4340273,-2241150,1497133.0,,695,-167,坏棒 总长1002mm 轻轻敲 铁头
446,14:35:24,hit_446_20260730_143524.csv,512,DEFECT,HIGH,0,59,108,608,500000,5219627,3507360,-5219627,-289419.9,,695,-87,坏棒 总长1002mm 轻轻敲 铁头
447,14:35:25,hit_447_20260730_143525.csv,512,DEFECT,HIGH,0,21,116,200,686520,4401720,3535396,-4401720,14438.4,,695,-495,坏棒 总长1002mm 轻轻敲 铁头
448,14:35:25,hit_448_20260730_143525.csv,512,DEFECT,HIGH,0,68,112,542,500000,5287252,5287252,-2336467,1957154.0,,695,-153,坏棒 总长1002mm 轻轻敲 铁头
449,14:35:25,hit_449_20260730_143525.csv,512,DEFECT,HIGH,0,75,108,659,500000,4585980,4585980,-3219427,1399362.2,,695,-36,坏棒 总长1002mm 轻轻敲 铁头
450,14:35:26,hit_450_20260730_143526.csv,512,DEFECT,HIGH,0,76,108,783,500000,4426947,4426947,-3331990,1190714.8,,695,88,坏棒 总长1002mm 轻轻敲 铁头
451,14:35:26,hit_451_20260730_143526.csv,512,DEFECT,HIGH,0,75,108,659,500000,4917747,4917747,-3239433,1419062.3,,695,-36,坏棒 总长1002mm 轻轻敲 铁头
452,14:35:26,hit_452_20260730_143526.csv,512,DEFECT,HIGH,0,76,108,783,500000,4426728,4426728,-3276570,1110276.1,,695,88,坏棒 总长1002mm 轻轻敲 铁头
453,14:35:27,hit_453_20260730_143527.csv,512,DEFECT,HIGH,0,83,110,838,500000,4535525,4535525,-3437123,1172899.0,,695,143,坏棒 总长1002mm 轻轻敲 铁头
454,14:35:27,hit_454_20260730_143527.csv,512,DEFECT,HIGH,0,76,109,663,500000,4901101,4901101,-2996444,1489360.1,,695,-32,坏棒 总长1002mm 轻轻敲 铁头
455,14:35:27,hit_455_20260730_143527.csv,512,DEFECT,HIGH,0,83,111,830,500000,4786369,4786369,-3231224,1388911.7,,695,135,坏棒 总长1002mm 轻轻敲 铁头
456,14:35:27,hit_456_20260730_143527.csv,512,DEFECT,HIGH,0,77,117,622,500000,4603671,4603671,-2831742,1437012.6,,695,-73,坏棒 总长1002mm 轻轻敲 铁头
457,14:35:28,hit_457_20260730_143528.csv,512,DEFECT,HIGH,0,78,110,787,500000,4074896,4074896,-3167524,1019201.0,,695,92,坏棒 总长1002mm 轻轻敲 铁头
458,14:35:28,hit_458_20260730_143528.csv,512,DEFECT,HIGH,0,76,108,783,500000,3881165,3881165,-3424636,912137.9,,695,88,坏棒 总长1002mm 轻轻敲 铁头
459,14:35:28,hit_459_20260730_143528.csv,512,DEFECT,HIGH,0,78,112,772,500000,3683260,3577735,-3683260,604831.3,,695,77,坏棒 总长1002mm 轻轻敲 铁头
460,14:35:28,hit_460_20260730_143528.csv,512,DEFECT,HIGH,0,76,109,663,500000,4318934,4318934,-2949334,1225372.8,,695,-32,坏棒 总长1002mm 轻轻敲 铁头
461,14:35:29,hit_461_20260730_143529.csv,512,DEFECT,HIGH,0,76,109,775,500000,3989613,3989613,-3298000,904999.2,,695,80,坏棒 总长1002mm 轻轻敲 铁头
462,14:35:29,hit_462_20260730_143529.csv,512,DEFECT,HIGH,0,99,110,871,500000,4209326,4209326,-2553410,1216115.3,,695,176,坏棒 总长1002mm 轻轻敲 铁头
463,14:35:29,hit_463_20260730_143529.csv,512,DEFECT,HIGH,0,100,110,872,500000,4201799,4201799,-2621700,1225610.2,,695,177,坏棒 总长1002mm 轻轻敲 铁头
464,14:35:29,hit_464_20260730_143529.csv,512,DEFECT,HIGH,0,100,110,881,500000,4350892,4350892,-2520415,1241241.9,,695,186,坏棒 总长1002mm 轻轻敲 铁头
465,14:35:30,hit_465_20260730_143530.csv,512,DEFECT,HIGH,0,72,113,598,500000,4070309,4070309,-2938911,1121443.2,,695,-97,坏棒 总长1002mm 轻轻敲 铁头
466,14:35:30,hit_466_20260730_143530.csv,512,DEFECT,HIGH,0,75,108,659,500000,4442897,4442897,-3209144,1217382.1,,695,-36,坏棒 总长1002mm 轻轻敲 铁头
467,14:35:30,hit_467_20260730_143530.csv,512,DEFECT,HIGH,0,77,109,673,500000,5054739,5054739,-3228321,1534679.0,,695,-22,坏棒 总长1002mm 轻轻敲 铁头
468,14:35:30,hit_468_20260730_143530.csv,512,DEFECT,HIGH,0,77,109,785,500000,4645076,4645076,-3111895,1298028.6,,695,90,坏棒 总长1002mm 轻轻敲 铁头
469,14:35:31,hit_469_20260730_143531.csv,512,DEFECT,HIGH,0,77,110,777,500000,4767653,4767653,-3030481,1344092.1,,695,82,坏棒 总长1002mm 轻轻敲 铁头
470,14:35:31,hit_470_20260730_143531.csv,512,DEFECT,HIGH,0,75,115,609,500000,5279795,5279795,-2689983,1758565.2,,695,-86,坏棒 总长1002mm 轻轻敲 铁头
471,14:35:31,hit_471_20260730_143531.csv,512,DEFECT,HIGH,0,74,108,649,500000,4848976,4848976,-3074103,1330139.7,,695,-46,坏棒 总长1002mm 轻轻敲 铁头
472,14:35:31,hit_472_20260730_143531.csv,512,DEFECT,HIGH,0,74,108,649,500000,4407088,4407088,-3237019,1227947.3,,695,-46,坏棒 总长1002mm 轻轻敲 铁头
473,14:35:32,hit_473_20260730_143532.csv,512,DEFECT,HIGH,0,72,108,628,500000,4574594,4574594,-3212935,1229356.2,,695,-67,坏棒 总长1002mm 轻轻敲 铁头
474,14:35:32,hit_474_20260730_143532.csv,512,DEFECT,HIGH,0,74,108,762,500000,4351536,4351536,-3222956,1166464.1,,695,67,坏棒 总长1002mm 轻轻敲 铁头
475,14:35:32,hit_475_20260730_143532.csv,512,DEFECT,HIGH,0,76,109,663,500000,4223042,4223042,-3149201,1210358.8,,695,-32,坏棒 总长1002mm 轻轻敲 铁头
476,14:35:32,hit_476_20260730_143532.csv,512,DEFECT,HIGH,0,78,110,676,500000,4903164,4903164,-3076419,1526832.8,,695,-19,坏棒 总长1002mm 轻轻敲 铁头
477,14:35:33,hit_477_20260730_143533.csv,512,DEFECT,HIGH,0,79,111,790,500000,4206746,4206746,-3414195,1031911.3,,695,95,坏棒 总长1002mm 轻轻敲 铁头
478,14:35:33,hit_478_20260730_143533.csv,512,DEFECT,HIGH,0,78,109,795,500000,5176239,5176239,-3073817,1542561.9,,695,100,坏棒 总长1002mm 轻轻敲 铁头
479,14:35:33,hit_479_20260730_143533.csv,512,DEFECT,HIGH,0,73,115,596,500000,4667081,4667081,-3047914,1293325.8,,695,-99,坏棒 总长1002mm 轻轻敲 铁头
480,14:35:33,hit_480_20260730_143533.csv,512,DEFECT,HIGH,0,100,111,864,500000,5055091,5055091,-2274235,1579497.5,,695,169,坏棒 总长1002mm 轻轻敲 铁头
481,14:35:33,hit_481_20260730_143533.csv,512,DEFECT,HIGH,0,21,112,207,500000,4038278,4038278,-2954127,886128.3,,695,-488,坏棒 总长1002mm 轻轻敲 铁头
482,14:35:34,hit_482_20260730_143534.csv,512,DEFECT,HIGH,0,75,108,659,500000,4611155,4611155,-2440774,1414464.0,,695,-36,坏棒 总长1002mm 轻轻敲 铁头
483,14:35:34,hit_483_20260730_143534.csv,512,DEFECT,HIGH,0,78,109,795,500000,3846412,3846412,-3561711,790409.4,,695,100,坏棒 总长1002mm 轻轻敲 铁头
484,14:35:34,hit_484_20260730_143534.csv,512,DEFECT,HIGH,0,83,110,838,500000,4371827,4371827,-3604000,1045596.1,,695,143,坏棒 总长1002mm 轻轻敲 铁头
485,14:35:34,hit_485_20260730_143534.csv,512,DEFECT,HIGH,0,78,111,780,500000,3759185,3759185,-3611397,713179.4,,695,85,坏棒 总长1002mm 轻轻敲 铁头
486,14:35:35,hit_486_20260730_143535.csv,512,DEFECT,HIGH,0,79,111,790,500000,4262558,4262558,-3539338,955705.4,,695,95,坏棒 总长1002mm 轻轻敲 铁头
487,14:35:35,hit_487_20260730_143535.csv,512,DEFECT,HIGH,0,77,109,785,500000,4697816,4697816,-3119759,1312369.7,,695,90,坏棒 总长1002mm 轻轻敲 铁头
488,14:35:35,hit_488_20260730_143535.csv,512,DEFECT,HIGH,0,75,108,659,500000,4632949,4632949,-3141158,1440512.6,,695,-36,坏棒 总长1002mm 轻轻敲 铁头
489,14:35:35,hit_489_20260730_143535.csv,512,DEFECT,HIGH,0,75,108,659,500000,4514055,4514055,-3345258,1222453.0,,695,-36,坏棒 总长1002mm 轻轻敲 铁头
490,14:35:36,hit_490_20260730_143536.csv,512,DEFECT,HIGH,0,74,114,611,500000,4496120,4496120,-2975704,1360197.1,,695,-84,坏棒 总长1002mm 轻轻敲 铁头
491,14:35:36,hit_491_20260730_143536.csv,512,DEFECT,HIGH,0,78,110,787,500000,3678467,3678467,-3590926,708707.8,,695,92,坏棒 总长1002mm 轻轻敲 铁头
492,14:35:36,hit_492_20260730_143536.csv,512,DEFECT,HIGH,0,78,109,795,500000,4143731,4143731,-3046644,1063194.5,,695,100,坏棒 总长1002mm 轻轻敲 铁头
493,14:35:36,hit_493_20260730_143536.csv,512,DEFECT,HIGH,0,76,115,613,500000,5084561,5084561,-2565321,1808122.0,,695,-82,坏棒 总长1002mm 轻轻敲 铁头
494,14:35:37,hit_494_20260730_143537.csv,512,DEFECT,HIGH,0,77,109,673,500000,4874415,4874415,-3066321,1527172.9,,695,-22,坏棒 总长1002mm 轻轻敲 铁头
495,14:35:37,hit_495_20260730_143537.csv,512,DEFECT,HIGH,0,76,108,670,500000,4909088,4909088,-3203280,1554415.2,,695,-25,坏棒 总长1002mm 轻轻敲 铁头
496,14:35:37,hit_496_20260730_143537.csv,512,DEFECT,HIGH,0,74,108,649,500000,4277036,4277036,-3429691,1128074.2,,695,-46,坏棒 总长1002mm 轻轻敲 铁头
497,14:35:37,hit_497_20260730_143537.csv,512,DEFECT,HIGH,0,100,110,872,500000,4773400,4773400,-2499300,1430029.6,,695,177,坏棒 总长1002mm 轻轻敲 铁头
498,14:35:38,hit_498_20260730_143538.csv,512,DEFECT,HIGH,0,76,115,730,500000,4112197,4112197,-3052515,1199388.8,,695,35,坏棒 总长1002mm 轻轻敲 铁头
499,14:35:38,hit_499_20260730_143538.csv,512,DEFECT,HIGH,0,77,108,793,500000,4055929,4055929,-3469879,1026654.6,,695,98,坏棒 总长1002mm 轻轻敲 铁头
500,14:35:38,hit_500_20260730_143538.csv,512,DEFECT,HIGH,0,75,108,659,500000,4198250,4198250,-2825576,1274958.0,,695,-36,坏棒 总长1002mm 轻轻敲 铁头
