# note,坏棒 总长 1000 轻轻敲 铁头 800
# rod_len_mm,
# defect_true_mm,800
# err_mm,
# time,2026-07-30 17:33:24
# points,512
# state,NORMAL
# confidence,HIGH
# result_ready,1
# impact_index,0
# defect_index,0
# bottom_index,114
# distance_mm,0
# threshold,500000
# peak_abs,5903890
index,raw24
0,4746
1,4921
2,5232
3,4904
4,5455
5,5190
6,5942
7,5621
8,6044
9,5548
10,5371
11,5482
12,5313
13,5465
14,5784
15,5663
16,5679
17,5806
18,6149
19,5748
20,5876
21,6019
22,6146
23,6202
24,6033
25,6248
26,5863
27,6214
28,6630
29,6917
30,5764
31,6323
32,6611
33,6442
34,6305
35,6416
36,6487
37,6758
38,6966
39,6621
40,7100
41,6851
42,6794
43,6617
44,6921
45,7168
46,7191
47,6910
48,6797
49,6996
50,7499
51,7586
52,8465
53,7424
54,6535
55,5895
56,4670
57,2725
58,3061
59,17661
60,9474
61,-172063
62,-409306
63,-631032
64,-845251
65,-1050284
66,-1249867
67,-1445979
68,-1638466
69,-1827986
70,-2012451
71,-2195909
72,-2372193
73,-2551264
74,-2721840
75,-2917220
76,-2967680
77,-2759110
78,-2547573
79,-2330150
80,-2121673
81,-1910270
82,-1705661
83,-1500253
84,-1299838
85,-1100471
86,-904681
87,-710218
88,-519084
89,-331300
90,-145876
91,35894
92,215202
93,390295
94,561600
95,729979
96,894946
97,1057477
98,1216620
99,1373519
100,1527800
101,1678981
102,1828552
103,1975425
104,2119480
105,2261269
106,2399721
107,2517916
108,2619849
109,2741889
110,2872954
111,3002403
112,3116005
113,3199440
114,3259946
115,3314996
116,3370879
117,3441004
118,3537048
119,3650896
120,3768850
121,3884966
122,3999668
123,4112108
124,4222886
125,4332618
126,4439945
127,4546723
128,4648792
129,4731529
130,4789951
131,4830758
132,4857897
133,4877632
134,4888996
135,4892519
136,4880602
137,4852542
138,4808214
139,4742523
140,4653448
141,4523088
142,4341384
143,4094158
144,3819594
145,3542560
146,3269287
147,3001520
148,2737938
149,2477572
150,2220997
151,1966774
152,1715582
153,1509404
154,1487956
155,1629055
156,1785304
157,1938062
158,2088329
159,2235754
160,2380993
161,2523319
162,2664323
163,2801741
164,2935295
165,3070465
166,3137986
167,2944819
168,2670884
169,2412621
170,2162471
171,1920735
172,1682580
173,1449703
174,1219430
175,993537
176,769408
177,549730
178,329351
179,112967
180,-110911
181,-332266
182,-547729
183,-524414
184,-330670
185,-149590
186,37997
187,217072
188,396669
189,572141
190,745063
191,914700
192,1081820
193,1246416
194,1408032
195,1566564
196,1722141
197,1874499
198,2026086
199,2172943
200,2319285
201,2463162
202,2604022
203,2743088
204,2879913
205,3014289
206,3146985
207,3276625
208,3405665
209,3532377
210,3656122
211,3779260
212,3899670
213,4017754
214,4133296
215,4247615
216,4359417
217,4469773
218,4577179
219,4683500
220,4787673
221,4890152
222,4990475
223,5089250
224,5186341
225,5281940
226,5369871
227,5424095
228,5451681
229,5454224
230,5441582
231,5419502
232,5399624
233,5389037
234,5395171
235,5422488
236,5471378
237,5542223
238,5624626
239,5713627
240,5797266
241,5865542
242,5903890
243,5902977
244,5854329
245,5750646
246,5589664
247,5367566
248,5095679
249,4808433
250,4522230
251,4235550
252,3954664
253,3676310
254,3404117
255,3134285
256,2870543
257,2615264
258,2378321
259,2202575
260,2104714
261,2084217
262,2136194
263,2252678
264,2396667
265,2537454
266,2675688
267,2811322
268,2945627
269,3076187
270,3204963
271,3331220
272,3421958
273,3449612
274,3420255
275,3330117
276,3183815
277,2983114
278,2740318
279,2484327
280,2229184
281,1974912
282,1724495
283,1477804
284,1235752
285,1000385
286,772047
287,571657
288,429291
289,350246
290,339740
291,400002
292,532233
293,701272
294,867827
295,1032273
296,1193011
297,1352649
298,1508404
299,1662980
300,1814513
301,1963843
302,2111355
303,2256002
304,2398094
305,2538418
306,2676580
307,2812565
308,2945918
309,3077502
310,3207158
311,3334343
312,3460224
313,3583377
314,3705884
315,3824007
316,3942005
317,4057747
318,4172532
319,4284343
320,4394636
321,4503659
322,4610037
323,4715723
324,4819331
325,4921951
326,5021990
327,5121489
328,5218760
329,5313971
330,5409242
331,5501238
332,5593206
333,5675291
334,5723350
335,5738092
336,5720407
337,5672469
338,5596825
339,5492845
340,5366503
341,5217704
342,5051155
343,4868546
344,4672680
345,4466293
346,4250676
347,4029661
348,3803697
349,3575169
350,3342693
351,3107685
352,2870913
353,2632203
354,2392993
355,2153125
356,1915182
357,1678365
358,1443952
359,1210567
360,980308
361,751252
362,525568
363,301672
364,81867
365,-134503
366,-343910
367,-537436
368,-707395
369,-851460
370,-965588
371,-1047143
372,-1094287
373,-1106833
374,-1084090
375,-1028526
376,-942312
377,-828013
378,-691096
379,-534796
380,-366466
381,-190190
382,-14286
383,159675
384,326144
385,479208
386,615870
387,733218
388,830361
389,906532
390,962581
391,1001967
392,1023253
393,1033440
394,1033114
395,1028012
396,1020750
397,1016618
398,1017622
399,1027849
400,1048628
401,1083100
402,1131608
403,1194525
404,1272180
405,1364576
406,1468826
407,1584558
408,1709589
409,1842092
410,1980563
411,2121209
412,2260207
413,2398859
414,2534598
415,2668088
416,2799859
417,2929181
418,3057111
419,3182570
420,3306190
421,3425258
422,3541648
423,3651952
424,3759546
425,3861703
426,3960703
427,4055516
428,4145045
429,4231747
430,4312558
431,4389688
432,4459896
433,4526079
434,4584399
435,4637015
436,4681257
437,4718006
438,4745870
439,4764835
440,4773541
441,4771926
442,4760736
443,4737802
444,4705128
445,4662282
446,4609737
447,4548222
448,4478067
449,4400832
450,4317607
451,4229680
452,4137051
453,4041794
454,3944173
455,3846243
456,3746870
457,3647413
458,3547351
459,3447014
460,3344865
461,3241985
462,3136397
463,3028286
464,2916773
465,2800801
466,2680699
467,2555452
468,2426068
469,2292331
470,2155188
471,2015365
472,1873254
473,1732474
474,1592302
475,1456156
476,1325538
477,1203224
478,1090573
479,989856
480,902327
481,831041
482,777260
483,740997
484,723442
485,725546
486,746674
487,787502
488,846046
489,922079
490,1013302
491,1119731
492,1238330
493,1367923
494,1505372
495,1650380
496,1797251
497,1943087
498,2086122
499,2227835
500,2366923
501,2503306
502,2638001
503,2770367
504,2901141
505,3029410
506,3155313
507,3279647
508,3398447
509,3509344
510,3613292
511,3710267
