hit,time,file,points,state,conf,impact,impact_recalc,impact_match,defect,bottom,dist_mm,threshold,peak_abs,peak_pos,peak_neg,mean,rod_len_mm,defect_true_mm,err_mm,note
1,11:00:12,hit_001_20260801_110012.csv,512,DEFECT,LOW,87,86,0,0,0,323,0,5390351,4611440,-5390351,-252473.5,,400,-77,坏棒 总长1000m 铁头 400
2,11:00:12,hit_002_20260801_110012.csv,512,DEFECT,HIGH,87,86,0,0,0,279,0,7941364,7941364,-5916357,753953.2,,400,-121,坏棒 总长1000m 铁头 400
3,11:00:12,hit_003_20260801_110012.csv,512,DEFECT,HIGH,83,82,0,0,0,264,0,8340053,8340053,-5224178,1444274.5,,400,-136,坏棒 总长1000m 铁头 400
4,11:00:13,hit_004_20260801_110013.csv,512,DEFECT,LOW,85,84,0,0,0,337,0,5389329,5389329,-4801688,344359.1,,400,-63,坏棒 总长1000m 铁头 400
5,11:00:13,hit_005_20260801_110013.csv,512,DEFECT,LOW,99,99,1,0,0,822,0,6132694,5689169,-6132694,-583949.6,,400,422,坏棒 总长1000m 铁头 400
6,11:00:13,hit_006_20260801_110013.csv,512,NORMAL,LOW,85,84,0,0,0,0,0,1463992,751490,-1463992,5150.9,,400,,坏棒 总长1000m 铁头 400
7,11:00:14,hit_007_20260801_110014.csv,512,DEFECT,HIGH,85,84,0,0,0,279,0,6168803,4930704,-6168803,204462.8,,400,-121,坏棒 总长1000m 铁头 400
8,11:00:14,hit_008_20260801_110014.csv,512,DEFECT,HIGH,95,94,0,0,0,323,0,7481717,3402065,-7481717,-735239.7,,400,-77,坏棒 总长1000m 铁头 400
9,11:00:14,hit_009_20260801_110014.csv,512,NORMAL,LOW,90,89,0,0,0,0,0,6025499,6025499,-4803406,-396724.8,,400,,坏棒 总长1000m 铁头 400
10,11:00:15,hit_010_20260801_110015.csv,512,DEFECT,LOW,97,96,0,0,0,396,0,6395371,4970189,-6395371,-207485.9,,400,-4,坏棒 总长1000m 铁头 400
11,11:00:15,hit_011_20260801_110015.csv,512,DEFECT,HIGH,90,89,0,0,0,323,0,6681055,4162925,-6681055,77315.9,,400,-77,坏棒 总长1000m 铁头 400
12,11:00:15,hit_012_20260801_110015.csv,512,DEFECT,LOW,91,90,0,0,0,337,0,6845183,4970181,-6845183,52021.9,,400,-63,坏棒 总长1000m 铁头 400
13,11:00:16,hit_013_20260801_110016.csv,512,DEFECT,HIGH,84,83,0,0,0,249,0,8388607,8388607,-5986810,1273434.9,,400,-151,坏棒 总长1000m 铁头 400
14,11:00:16,hit_014_20260801_110016.csv,512,DEFECT,HIGH,85,84,0,0,0,293,0,7025758,7025758,-5630924,658311.5,,400,-107,坏棒 总长1000m 铁头 400
15,11:00:16,hit_015_20260801_110016.csv,512,DEFECT,HIGH,85,84,0,0,0,264,0,7409377,7409377,-5990473,819538.5,,400,-136,坏棒 总长1000m 铁头 400
16,11:00:17,hit_016_20260801_110017.csv,512,DEFECT,HIGH,80,79,0,0,0,279,0,8098395,8098395,-3972742,1632306.8,,400,-121,坏棒 总长1000m 铁头 400
17,11:00:17,hit_017_20260801_110017.csv,512,DEFECT,HIGH,81,80,0,0,0,279,0,7879170,7879170,-3976296,1576288.4,,400,-121,坏棒 总长1000m 铁头 400
18,11:00:17,hit_018_20260801_110017.csv,512,DEFECT,HIGH,82,81,0,0,0,279,0,6574469,6574469,-5023655,993095.7,,400,-121,坏棒 总长1000m 铁头 400
19,11:00:18,hit_019_20260801_110018.csv,512,DEFECT,HIGH,85,84,0,0,0,323,0,6064182,5281137,-6064182,279925.2,,400,-77,坏棒 总长1000m 铁头 400
20,11:00:18,hit_020_20260801_110018.csv,512,DEFECT,LOW,94,93,0,0,0,396,0,5853030,4790083,-5853030,-369520.6,,400,-4,坏棒 总长1000m 铁头 400
21,11:00:18,hit_021_20260801_110018.csv,512,NORMAL,LOW,96,95,0,0,0,0,0,6046715,5522391,-6046715,-240499.2,,400,,坏棒 总长1000m 铁头 400
22,11:00:19,hit_022_20260801_110019.csv,512,DEFECT,HIGH,83,82,0,0,0,293,0,6458887,6458887,-4489498,919647.8,,400,-107,坏棒 总长1000m 铁头 400
23,11:00:19,hit_023_20260801_110019.csv,512,NORMAL,LOW,93,92,0,0,0,0,0,5747117,5378556,-5747117,-123020.6,,400,,坏棒 总长1000m 铁头 400
24,11:00:19,hit_024_20260801_110019.csv,512,DEFECT,HIGH,81,80,0,0,0,279,0,7876709,7876709,-4448114,1647696.9,,400,-121,坏棒 总长1000m 铁头 400
25,11:00:20,hit_025_20260801_110020.csv,512,DEFECT,LOW,91,90,0,0,0,352,0,6001269,4430448,-6001269,-341533.0,,400,-48,坏棒 总长1000m 铁头 400
26,11:00:20,hit_026_20260801_110020.csv,512,DEFECT,HIGH,80,79,0,0,0,279,0,7408430,7408430,-3905251,1769287.5,,400,-121,坏棒 总长1000m 铁头 400
27,11:00:20,hit_027_20260801_110020.csv,512,DEFECT,HIGH,93,92,0,0,0,293,0,6076729,5291697,-6076729,-71251.2,,400,-107,坏棒 总长1000m 铁头 400
28,11:00:21,hit_028_20260801_110021.csv,512,DEFECT,HIGH,77,76,0,0,0,249,0,8388607,8388607,-5667424,1553792.8,,400,-151,坏棒 总长1000m 铁头 400
29,11:00:21,hit_029_20260801_110021.csv,512,DEFECT,HIGH,87,86,0,0,0,279,0,5742552,3528540,-5742552,-186404.6,,400,-121,坏棒 总长1000m 铁头 400
30,11:00:22,hit_030_20260801_110022.csv,512,DEFECT,HIGH,82,81,0,0,0,264,0,7660903,7660903,-5587489,1077968.8,,400,-136,坏棒 总长1000m 铁头 400
31,11:00:22,hit_031_20260801_110022.csv,512,DEFECT,HIGH,84,83,0,0,0,279,0,6501174,6501174,-6219223,524075.2,,400,-121,坏棒 总长1000m 铁头 400
32,11:00:22,hit_032_20260801_110022.csv,512,DEFECT,HIGH,86,85,0,0,0,264,0,5934302,5373100,-5934302,279578.1,,400,-136,坏棒 总长1000m 铁头 400
33,11:00:23,hit_033_20260801_110023.csv,512,DEFECT,HIGH,79,78,0,0,0,264,0,6571556,6571556,-4225967,1414819.0,,400,-136,坏棒 总长1000m 铁头 400
34,11:00:23,hit_034_20260801_110023.csv,512,NORMAL,LOW,88,87,0,0,0,0,0,5694973,5694973,-4852600,-123835.9,,400,,坏棒 总长1000m 铁头 400
35,11:00:23,hit_035_20260801_110023.csv,512,NORMAL,LOW,99,99,1,0,0,0,0,6619870,5142481,-6619870,-611377.6,,400,,坏棒 总长1000m 铁头 400
36,11:00:24,hit_036_20260801_110024.csv,512,DEFECT,LOW,88,87,0,0,0,352,0,5550448,5344818,-5550448,9827.0,,400,-48,坏棒 总长1000m 铁头 400
37,11:00:24,hit_037_20260801_110024.csv,512,NORMAL,LOW,88,87,0,0,0,0,0,6309367,6309367,-5274152,-118668.5,,400,,坏棒 总长1000m 铁头 400
38,11:00:24,hit_038_20260801_110024.csv,512,DEFECT,LOW,92,91,0,0,0,352,0,5898978,4908085,-5898978,-258589.4,,400,-48,坏棒 总长1000m 铁头 400
39,11:00:25,hit_039_20260801_110025.csv,512,DEFECT,LOW,97,96,0,0,0,323,0,6809209,4044193,-6809209,-538095.5,,400,-77,坏棒 总长1000m 铁头 400
40,11:00:25,hit_040_20260801_110025.csv,512,DEFECT,HIGH,97,96,0,0,0,279,0,6490183,4746986,-6490183,398061.5,,400,-121,坏棒 总长1000m 铁头 400
41,11:00:25,hit_041_20260801_110025.csv,512,DEFECT,HIGH,82,81,0,0,0,293,0,5481869,5481869,-3966312,846613.9,,400,-107,坏棒 总长1000m 铁头 400
42,11:00:26,hit_042_20260801_110026.csv,512,DEFECT,HIGH,78,77,0,0,0,264,0,6856670,6856670,-4475829,1360677.2,,400,-136,坏棒 总长1000m 铁头 400
43,11:00:26,hit_043_20260801_110026.csv,512,DEFECT,LOW,88,87,0,0,0,337,0,5457343,4642426,-5457343,-286962.1,,400,-63,坏棒 总长1000m 铁头 400
44,11:00:26,hit_044_20260801_110026.csv,512,DEFECT,HIGH,89,88,0,0,0,293,0,5226891,4689826,-5226891,590496.2,,400,-107,坏棒 总长1000m 铁头 400
45,11:00:27,hit_045_20260801_110027.csv,512,DEFECT,HIGH,87,86,0,0,0,323,0,4860080,4307398,-4860080,377248.7,,400,-77,坏棒 总长1000m 铁头 400
46,11:00:27,hit_046_20260801_110027.csv,512,NORMAL,LOW,90,89,0,0,0,0,0,5533653,5533653,-4967820,-183768.1,,400,,坏棒 总长1000m 铁头 400
47,11:00:27,hit_047_20260801_110027.csv,512,DEFECT,LOW,99,99,1,0,0,470,0,6147409,4188256,-6147409,-772116.9,,400,70,坏棒 总长1000m 铁头 400
48,11:00:28,hit_048_20260801_110028.csv,512,DEFECT,HIGH,87,86,0,0,0,279,0,6231563,6231563,-4819187,805003.1,,400,-121,坏棒 总长1000m 铁头 400
49,11:00:28,hit_049_20260801_110028.csv,512,DEFECT,HIGH,85,84,0,0,0,264,0,8131028,8131028,-5906791,968530.1,,400,-136,坏棒 总长1000m 铁头 400
50,11:00:28,hit_050_20260801_110028.csv,512,DEFECT,HIGH,80,79,0,0,0,249,0,8388607,8388607,-5715301,1424440.9,,400,-151,坏棒 总长1000m 铁头 400
51,11:00:28,hit_051_20260801_110028.csv,512,DEFECT,HIGH,84,83,0,0,0,308,0,5111812,5111812,-4414033,341542.5,,400,-92,坏棒 总长1000m 铁头 400
52,11:00:29,hit_052_20260801_110029.csv,512,DEFECT,HIGH,81,80,0,0,0,249,0,7518493,7518493,-5758074,1057354.0,,400,-151,坏棒 总长1000m 铁头 400
53,11:00:29,hit_053_20260801_110029.csv,512,DEFECT,HIGH,84,83,0,0,0,293,0,4737306,3806305,-4737306,311560.8,,400,-107,坏棒 总长1000m 铁头 400
54,11:00:29,hit_054_20260801_110029.csv,512,DEFECT,HIGH,80,79,0,0,0,279,0,5749426,5749426,-4254941,859456.8,,400,-121,坏棒 总长1000m 铁头 400
55,11:00:30,hit_055_20260801_110030.csv,512,DEFECT,HIGH,79,78,0,0,0,279,0,6687929,6687929,-5188393,958479.7,,400,-121,坏棒 总长1000m 铁头 400
56,11:00:30,hit_056_20260801_110030.csv,512,DEFECT,HIGH,81,80,0,0,0,308,0,5658655,5658655,-3948287,863704.6,,400,-92,坏棒 总长1000m 铁头 400
57,11:00:30,hit_057_20260801_110030.csv,512,DEFECT,HIGH,76,75,0,0,0,264,0,8388607,8388607,-5554047,1611705.5,,400,-136,坏棒 总长1000m 铁头 400
58,11:00:31,hit_058_20260801_110031.csv,512,DEFECT,HIGH,92,91,0,0,0,293,0,5687586,4521120,-5687586,-251075.7,,400,-107,坏棒 总长1000m 铁头 400
59,11:00:31,hit_059_20260801_110031.csv,512,DEFECT,HIGH,85,84,0,0,0,279,0,4911791,3127523,-4911791,27429.1,,400,-121,坏棒 总长1000m 铁头 400
60,11:00:31,hit_060_20260801_110031.csv,512,DEFECT,HIGH,81,80,0,0,0,308,0,4649359,4649359,-3863022,702201.5,,400,-92,坏棒 总长1000m 铁头 400
61,11:00:32,hit_061_20260801_110032.csv,512,DEFECT,HIGH,78,77,0,0,0,293,0,5669167,5669167,-4536647,920818.2,,400,-107,坏棒 总长1000m 铁头 400
62,11:00:32,hit_062_20260801_110032.csv,512,DEFECT,HIGH,77,76,0,0,0,279,0,6521387,6521387,-4754237,1076433.9,,400,-121,坏棒 总长1000m 铁头 400
63,11:00:33,hit_063_20260801_110033.csv,512,DEFECT,HIGH,84,83,0,0,0,279,0,6036030,6036030,-4649329,964958.9,,400,-121,坏棒 总长1000m 铁头 400
64,11:00:33,hit_064_20260801_110033.csv,512,DEFECT,HIGH,95,94,0,0,0,323,0,5016486,5016486,-4909556,504306.8,,400,-77,坏棒 总长1000m 铁头 400
65,11:00:33,hit_065_20260801_110033.csv,512,DEFECT,HIGH,88,87,0,0,0,279,0,5889475,5889475,-3940922,953303.0,,400,-121,坏棒 总长1000m 铁头 400
66,11:00:34,hit_066_20260801_110034.csv,512,DEFECT,HIGH,86,85,0,0,0,293,0,5700745,5700745,-4642827,861683.4,,400,-107,坏棒 总长1000m 铁头 400
67,11:00:34,hit_067_20260801_110034.csv,512,DEFECT,LOW,92,91,0,0,0,352,0,6385572,4249112,-6385572,-218900.1,,400,-48,坏棒 总长1000m 铁头 400
68,11:00:35,hit_068_20260801_110035.csv,512,DEFECT,HIGH,83,82,0,0,0,279,0,7051069,7051069,-5638755,1010944.6,,400,-121,坏棒 总长1000m 铁头 400
69,11:00:35,hit_069_20260801_110035.csv,512,DEFECT,HIGH,80,79,0,0,0,279,0,6956497,6956497,-3750923,1594735.5,,400,-121,坏棒 总长1000m 铁头 400
70,11:00:35,hit_070_20260801_110035.csv,512,DEFECT,HIGH,84,83,0,0,0,264,0,8300002,8300002,-4712045,1982444.3,,400,-136,坏棒 总长1000m 铁头 400
71,11:00:36,hit_071_20260801_110036.csv,512,DEFECT,HIGH,81,80,0,0,0,279,0,5561791,5561791,-3808194,1134421.3,,400,-121,坏棒 总长1000m 铁头 400
72,11:00:36,hit_072_20260801_110036.csv,512,DEFECT,HIGH,79,78,0,0,0,264,0,7625980,7625980,-3794802,2043487.7,,400,-136,坏棒 总长1000m 铁头 400
73,11:00:36,hit_073_20260801_110036.csv,512,DEFECT,HIGH,80,79,0,0,0,249,0,8388607,8388607,-4220210,2401597.5,,400,-151,坏棒 总长1000m 铁头 400
74,11:00:37,hit_074_20260801_110037.csv,512,DEFECT,LOW,89,88,0,0,0,367,0,5922909,4455259,-5922909,-199436.2,,400,-33,坏棒 总长1000m 铁头 400
75,11:00:37,hit_075_20260801_110037.csv,512,DEFECT,HIGH,85,84,0,0,0,337,0,5648870,3918922,-5648870,82118.6,,400,-63,坏棒 总长1000m 铁头 400
76,11:00:37,hit_076_20260801_110037.csv,512,DEFECT,HIGH,87,86,0,0,0,323,0,6388953,3787923,-6388953,23843.2,,400,-77,坏棒 总长1000m 铁头 400
77,11:00:38,hit_077_20260801_110038.csv,512,DEFECT,HIGH,83,82,0,0,0,279,0,7158659,7158659,-4714083,1413327.1,,400,-121,坏棒 总长1000m 铁头 400
78,11:00:38,hit_078_20260801_110038.csv,512,DEFECT,HIGH,77,76,0,0,0,264,0,8388607,8388607,-5494136,1763294.6,,400,-136,坏棒 总长1000m 铁头 400
79,11:00:39,hit_079_20260801_110039.csv,512,DEFECT,HIGH,78,77,0,0,0,279,0,8388607,8388607,-5228607,1605782.8,,400,-121,坏棒 总长1000m 铁头 400
80,11:00:39,hit_080_20260801_110039.csv,512,DEFECT,HIGH,82,81,0,0,0,279,0,8388607,8388607,-5171165,1429102.0,,400,-121,坏棒 总长1000m 铁头 400
81,11:00:39,hit_081_20260801_110039.csv,512,DEFECT,HIGH,84,83,0,0,0,264,0,6540749,6540749,-4626709,852910.5,,400,-136,坏棒 总长1000m 铁头 400
82,11:00:40,hit_082_20260801_110040.csv,512,DEFECT,HIGH,83,82,0,0,0,308,0,5746242,5746242,-5001794,939645.0,,400,-92,坏棒 总长1000m 铁头 400
83,11:00:40,hit_083_20260801_110040.csv,512,DEFECT,HIGH,83,82,0,0,0,308,0,5998840,5998840,-4776083,1081452.5,,400,-92,坏棒 总长1000m 铁头 400
84,11:00:40,hit_084_20260801_110040.csv,512,DEFECT,HIGH,83,82,0,0,0,293,0,7477300,7477300,-4614857,1420023.8,,400,-107,坏棒 总长1000m 铁头 400
85,11:00:41,hit_085_20260801_110041.csv,512,DEFECT,HIGH,84,83,0,0,0,308,0,5870600,5870600,-5144189,910614.6,,400,-92,坏棒 总长1000m 铁头 400
86,11:00:41,hit_086_20260801_110041.csv,512,DEFECT,HIGH,98,97,0,0,0,323,0,6635045,3495461,-6635045,-695268.2,,400,-77,坏棒 总长1000m 铁头 400
87,11:00:42,hit_087_20260801_110042.csv,512,DEFECT,HIGH,82,81,0,0,0,308,0,7343136,7343136,-4630876,1388966.7,,400,-92,坏棒 总长1000m 铁头 400
88,11:00:42,hit_088_20260801_110042.csv,512,DEFECT,LOW,89,88,0,0,0,367,0,5592422,4706052,-5592422,-296594.4,,400,-33,坏棒 总长1000m 铁头 400
89,11:00:42,hit_089_20260801_110042.csv,512,DEFECT,HIGH,79,78,0,0,0,264,0,8388607,8388607,-5516412,1666130.8,,400,-136,坏棒 总长1000m 铁头 400
90,11:00:43,hit_090_20260801_110043.csv,512,DEFECT,HIGH,83,82,0,0,0,293,0,4294071,4013547,-4294071,324542.5,,400,-107,坏棒 总长1000m 铁头 400
91,11:00:43,hit_091_20260801_110043.csv,512,NORMAL,HIGH,81,80,0,0,0,0,0,1592787,1592787,-1394769,-125469.4,,400,,坏棒 总长1000m 铁头 400
92,11:00:43,hit_092_20260801_110043.csv,512,DEFECT,LOW,88,87,0,0,0,895,0,5494875,5494875,-5037642,-140898.1,,400,495,坏棒 总长1000m 铁头 400
93,11:00:44,hit_093_20260801_110044.csv,512,NORMAL,LOW,91,90,0,0,0,0,0,1905337,1905337,-1545076,-140127.7,,400,,坏棒 总长1000m 铁头 400
94,11:00:44,hit_094_20260801_110044.csv,512,DEFECT,HIGH,92,91,0,0,0,308,0,6263841,2900999,-6263841,-876566.7,,400,-92,坏棒 总长1000m 铁头 400
95,11:00:44,hit_095_20260801_110044.csv,512,DEFECT,LOW,86,85,0,0,0,866,0,5448593,5448593,-4470184,-177958.9,,400,466,坏棒 总长1000m 铁头 400
96,11:00:44,hit_096_20260801_110044.csv,512,DEFECT,HIGH,83,82,0,0,0,293,0,5915873,3494515,-5915873,-442796.1,,400,-107,坏棒 总长1000m 铁头 400
97,11:00:45,hit_097_20260801_110045.csv,512,DEFECT,HIGH,78,77,0,0,0,264,0,6150415,6150415,-5444533,869633.0,,400,-136,坏棒 总长1000m 铁头 400
98,11:00:45,hit_098_20260801_110045.csv,512,DEFECT,HIGH,85,84,0,0,0,279,0,6928168,6928168,-3130131,1448420.2,,400,-121,坏棒 总长1000m 铁头 400
99,11:00:45,hit_099_20260801_110045.csv,512,DEFECT,HIGH,91,90,0,0,0,308,0,5432973,4870704,-5432973,-12048.4,,400,-92,坏棒 总长1000m 铁头 400
100,11:00:46,hit_100_20260801_110046.csv,512,DEFECT,HIGH,81,80,0,0,0,264,0,8388607,8388607,-5441059,1534169.8,,400,-136,坏棒 总长1000m 铁头 400
