# note,好棒 任意重度敲击
# rod_len_mm,
# defect_true_mm,
# err_mm,
# time,2026-07-30 12:32:46
# points,512
# state,DEFECT
# confidence,HIGH
# result_ready,1
# impact_index,0
# defect_index,38
# bottom_index,111
# distance_mm,380
# threshold,500000
# peak_abs,3192915
index,raw24
0,75
1,-301
2,283
3,139
4,-477
5,-701
6,-517
7,-269
8,-141
9,-469
10,-485
11,-357
12,-156
13,-540
14,-852
15,-1188
16,-780
17,-780
18,-916
19,-748
20,-708
21,-532
22,-1131
23,-763
24,-827
25,-955
26,-1163
27,-1403
28,-1155
29,-1666
30,-1450
31,-2154
32,-2202
33,-2201
34,-2537
35,-2425
36,-2569
37,-2688
38,-2840
39,-2943
40,-3623
41,-4087
42,-5030
43,-5894
44,-7917
45,-8204
46,-9963
47,-11642
48,-13392
49,-16470
50,-20268
51,-24730
52,-30367
53,-39659
54,-54038
55,-75320
56,-103486
57,-141034
58,-189729
59,-249817
60,-321251
61,-401788
62,-486115
63,-573071
64,-659553
65,-743953
66,-826238
67,-905721
68,-985323
69,-1065274
70,-1146384
71,-1226324
72,-1305118
73,-1381183
74,-1454375
75,-1523925
76,-1590531
77,-1653865
78,-1715279
79,-1775069
80,-1832709
81,-1887541
82,-1938175
83,-1985570
84,-2026096
85,-2060432
86,-2087221
87,-2106750
88,-2118333
89,-2122386
90,-2116743
91,-2103037
92,-2078516
93,-2045374
94,-2004020
95,-1953552
96,-1896049
97,-1830202
98,-1758714
99,-1681324
100,-1599502
101,-1512395
102,-1424491
103,-1333901
104,-1243170
105,-1151306
106,-1059797
107,-967412
108,-874470
109,-782707
110,-690116
111,-598695
112,-506934
113,-415912
114,-327262
115,-239758
116,-153664
117,-68854
118,14051
119,94313
120,172446
121,248385
122,322050
123,394459
124,463475
125,531826
126,596281
127,657496
128,715424
129,770505
130,820107
131,867527
132,909989
133,949326
134,983546
135,1011730
136,1034326
137,1048672
138,1056376
139,1058751
140,1055133
141,1047389
142,1037549
143,1026726
144,1017401
145,1009517
146,1003505
147,997423
148,989877
149,979892
150,965517
151,949327
152,931107
153,912521
154,892506
155,870861
156,844690
157,813243
158,773440
159,727330
160,672769
161,611695
162,544756
163,470825
164,392400
165,307696
166,218138
167,125272
168,31024
169,-63771
170,-156796
171,-248576
172,-338314
173,-424609
174,-509037
175,-590247
176,-667471
177,-739637
178,-806715
179,-868104
180,-924238
181,-973245
182,-1016295
183,-1051131
184,-1077930
185,-1095623
186,-1105073
187,-1104554
188,-1094459
189,-1074334
190,-1042842
191,-1001955
192,-950849
193,-888525
194,-816520
195,-735269
196,-644683
197,-545300
198,-438057
199,-323380
200,-201196
201,-73380
202,58701
203,196070
204,336238
205,478781
206,622730
207,767238
208,911385
209,1054521
210,1195697
211,1335351
212,1470564
213,1603312
214,1731508
215,1855657
216,1974711
217,2089613
218,2199062
219,2303714
220,2402009
221,2495379
222,2584107
223,2666199
224,2744466
225,2815651
226,2882763
227,2943139
228,2998340
229,3046438
230,3088202
231,3122889
232,3151044
233,3172707
234,3185912
235,3192915
236,3190965
237,3183096
238,3166675
239,3144672
240,3115529
241,3080300
242,3039180
243,2993673
244,2943292
245,2890500
246,2834924
247,2776434
248,2717727
249,2658515
250,2598198
251,2538129
252,2478067
253,2417789
254,2357406
255,2296862
256,2236197
257,2175836
258,2114411
259,2054001
260,1991846
261,1930139
262,1867487
263,1804931
264,1740751
265,1675858
266,1609566
267,1542025
268,1472989
269,1403281
270,1332102
271,1259251
272,1186153
273,1112265
274,1038689
275,964170
276,890236
277,817128
278,745388
279,674169
280,605847
281,539909
282,476579
283,416353
284,359582
285,306642
286,256756
287,210717
288,170691
289,133902
290,102558
291,75225
292,53416
293,37258
294,25597
295,19410
296,17864
297,22694
298,31587
299,45823
300,64729
301,88641
302,116791
303,148992
304,184630
305,223919
306,265596
307,309332
308,354558
309,400267
310,447002
311,493115
312,539023
313,583389
314,627022
315,668865
316,708592
317,746321
318,781310
319,814135
320,844003
321,871324
322,895018
323,916085
324,933701
325,948011
326,958815
327,967098
328,970388
329,971213
330,967991
331,961377
332,951339
333,937567
334,920349
335,899692
336,875430
337,848132
338,817132
339,783352
340,745745
341,705142
342,661903
343,615575
344,566027
345,514462
346,459744
347,403463
348,344486
349,283644
350,221401
351,157742
352,92923
353,27304
354,-38276
355,-104415
356,-169874
357,-235477
358,-299889
359,-363308
360,-425720
361,-486740
362,-546576
363,-604693
364,-661628
365,-717811
366,-772091
367,-824301
368,-875600
369,-926485
370,-975436
371,-1024421
372,-1071560
373,-1118197
374,-1163885
375,-1208671
376,-1253211
377,-1297322
378,-1340188
379,-1383336
380,-1425471
381,-1466713
382,-1507630
383,-1548030
384,-1586929
385,-1625015
386,-1661753
387,-1697254
388,-1732135
389,-1765212
390,-1795532
391,-1825257
392,-1852338
393,-1878216
394,-1900651
395,-1921635
396,-1939536
397,-1954155
398,-1967309
399,-1976501
400,-1984019
401,-1987673
402,-1988518
403,-1985932
404,-1980313
405,-1971935
406,-1960039
407,-1946287
408,-1928906
409,-1909350
410,-1885733
411,-1860591
412,-1832740
413,-1803204
414,-1771696
415,-1738016
416,-1703428
417,-1667324
418,-1630840
419,-1593129
420,-1555374
421,-1516937
422,-1479439
423,-1441195
424,-1405163
425,-1369103
426,-1335544
427,-1302229
428,-1271814
429,-1241747
430,-1214707
431,-1190487
432,-1167638
433,-1147359
434,-1130195
435,-1115609
436,-1103265
437,-1094250
438,-1088621
439,-1085032
440,-1084883
441,-1086375
442,-1091898
443,-1099869
444,-1110751
445,-1123815
446,-1140158
447,-1158227
448,-1179789
449,-1203069
450,-1228906
451,-1257044
452,-1286811
453,-1319046
454,-1352125
455,-1387656
456,-1423702
457,-1462096
458,-1500662
459,-1540007
460,-1580379
461,-1620634
462,-1661220
463,-1702105
464,-1742713
465,-1781989
466,-1821787
467,-1859493
468,-1896946
469,-1932306
470,-1966638
471,-1999534
472,-2030218
473,-2059066
474,-2085847
475,-2110784
476,-2133046
477,-2153210
478,-2170611
479,-2186122
480,-2198631
481,-2208579
482,-2216165
483,-2220583
484,-2223080
485,-2221944
486,-2219081
487,-2212242
488,-2203180
489,-2190679
490,-2175876
491,-2158410
492,-2138323
493,-2115094
494,-2089011
495,-2060260
496,-2028737
497,-1995121
498,-1958510
499,-1919006
500,-1876964
501,-1832631
502,-1786167
503,-1736341
504,-1685713
505,-1631572
506,-1576180
507,-1517724
508,-1458499
509,-1395993
510,-1332334
511,-1266716
